;Natasha_no_hyphen1;Tokens;Lemmas;wh_words;wh_dicts
64;Да и кому бы?;5;[{'CCONJ': 'да'}, {'CCONJ': 'и'}, {'PRON': 'кто'}, {'AUX': 'бы'}, {'PUNCT': '?'}];кто;[{'PRON': 'кто'}]
68;Кто станет тебе писать?;5;[{'PRON': 'кто'}, {'VERB': 'стать'}, {'PRON': 'ты'}, {'VERB': 'писать'}, {'PUNCT': '?'}];кто;[{'PRON': 'кто'}]
75;Кто мне пишет?;4;[{'PRON': 'кто'}, {'PRON': 'я'}, {'VERB': 'писать'}, {'PUNCT': '?'}];кто;[{'PRON': 'кто'}]
77;Кому это ты так нужен?;6;[{'PRON': 'кто'}, {'PRON': 'это'}, {'PRON': 'ты'}, {'ADV': 'так'}, {'ADJ': 'нужный'}, {'PUNCT': '?'}];кто;[{'PRON': 'кто'}]
87;Кто здесь?;3;[{'PRON': 'кто'}, {'ADV': 'здесь'}, {'PUNCT': '?'}];кто;[{'PRON': 'кто'}]
89;Вы кто?;3;[{'PRON': 'вы'}, {'PRON': 'кто'}, {'PUNCT': '?'}];кто;[{'PRON': 'кто'}]
91;Кто вы?;3;[{'PRON': 'кто'}, {'PRON': 'вы'}, {'PUNCT': '?'}];кто;[{'PRON': 'кто'}]
101;И тебе не сказали, кто ты есть?;9;[{'CCONJ': 'и'}, {'PRON': 'ты'}, {'PART': 'не'}, {'VERB': 'сказать'}, {'PUNCT': ','}, {'PRON': 'кто'}, {'PRON': 'ты'}, {'VERB': 'быть'}, {'PUNCT': '?'}];кто;[{'PRON': 'кто'}]
108;С такими предками кем тебе еще быть?;8;[{'ADP': 'с'}, {'DET': 'такой'}, {'NOUN': 'предок'}, {'PRON': 'кто'}, {'PRON': 'ты'}, {'ADV': 'еще'}, {'VERB': 'быть'}, {'PUNCT': '?'}];кто;[{'PRON': 'кто'}]
181;И часто вы проверяете, нет ли кого внутри?;10;[{'CCONJ': 'и'}, {'ADV': 'часто'}, {'PRON': 'вы'}, {'VERB': 'проверять'}, {'PUNCT': ','}, {'VERB': 'нет'}, {'PART': 'ли'}, {'PRON': 'кто'}, {'ADV': 'внутри'}, {'PUNCT': '?'}];кто;[{'PRON': 'кто'}]
242;Знаешь, кто этот мальчик, который вместе с нами проходил на платформу?;14;[{'VERB': 'знать'}, {'PUNCT': ','}, {'PRON': 'кто'}, {'DET': 'этот'}, {'NOUN': 'мальчик'}, {'PUNCT': ','}, {'PRON': 'который'}, {'ADV': 'вместе'}, {'ADP': 'с'}, {'PRON': 'мы'}, {'VERB': 'проходить'}, {'ADP': 'на'}, {'NOUN': 'платформа'}, {'PUNCT': '?'}];кто;[{'PRON': 'кто'}]
244;Угадай, кто это?;5;[{'PROPN': 'угадать'}, {'PUNCT': ','}, {'PRON': 'кто'}, {'PRON': 'это'}, {'PUNCT': '?'}];кто;[{'PRON': 'кто'}]
280;А кем стали после школы твои старшие братья?;9;[{'CCONJ': 'а'}, {'PRON': 'кто'}, {'VERB': 'стать'}, {'ADP': 'после'}, {'NOUN': 'школа'}, {'DET': 'твой'}, {'ADJ': 'старший'}, {'NOUN': 'брат'}, {'PUNCT': '?'}];кто;[{'PRON': 'кто'}]
332;Кто это разговаривает с профессором Страунсом?;7;[{'PRON': 'кто'}, {'PRON': 'это'}, {'VERB': 'разговаривать'}, {'ADP': 'с'}, {'NOUN': 'профессор'}, {'PROPN': 'страунс'}, {'PUNCT': '?'}];кто;[{'PRON': 'кто'}]
392;Я буду секундантом, а у тебя кто?;9;[{'PRON': 'я'}, {'AUX': 'быть'}, {'VERB': 'секундантом'}, {'PUNCT': ','}, {'CCONJ': 'а'}, {'ADP': 'у'}, {'PRON': 'ты'}, {'PRON': 'кто'}, {'PUNCT': '?'}];кто;[{'PRON': 'кто'}]
444;Гермиона, кто никогда не нарушает правила, делает вид, будто их нарушила, – и все ради их спасения?;22;[{'PROPN': 'гермиона'}, {'PUNCT': ','}, {'PRON': 'кто'}, {'ADV': 'никогда'}, {'PART': 'не'}, {'VERB': 'нарушать'}, {'NOUN': 'правило'}, {'PUNCT': ','}, {'VERB': 'делать'}, {'NOUN': 'вид'}, {'PUNCT': ','}, {'SCONJ': 'будто'}, {'PRON': 'они'}, {'VERB': 'нарушить'}, {'PUNCT': ','}, {'PUNCT': '–'}, {'CCONJ': 'и'}, {'PRON': 'весь'}, {'ADP': 'ради'}, {'DET': 'их'}, {'NOUN': 'спасение'}, {'PUNCT': '?'}];кто;[{'PRON': 'кто'}]
489;От Огрида, от дяди с тетей – аэтоот кого?;11;[{'ADP': 'от'}, {'PROPN': 'огрид'}, {'PUNCT': ','}, {'ADP': 'от'}, {'NOUN': 'дядя'}, {'ADP': 'с'}, {'NOUN': 'тетя'}, {'PUNCT': '–'}, {'NOUN': 'аэтоот'}, {'PRON': 'кто'}, {'PUNCT': '?'}];кто;[{'PRON': 'кто'}]
492;Кто прислал плащ?;4;[{'PRON': 'кто'}, {'VERB': 'прислать'}, {'NOUN': 'плащ'}, {'PUNCT': '?'}];кто;[{'PRON': 'кто'}]
497;Кто тут?;3;[{'PRON': 'кто'}, {'ADV': 'тут'}, {'PUNCT': '?'}];кто;[{'PRON': 'кто'}]
509;Кому до него есть дело?;6;[{'PRON': 'кто'}, {'ADP': 'до'}, {'PRON': 'он'}, {'VERB': 'быть'}, {'NOUN': 'дело'}, {'PUNCT': '?'}];кто;[{'PRON': 'кто'}]
581;Кто там?;3;[{'PRON': 'кто'}, {'ADV': 'там'}, {'PUNCT': '?'}];кто;[{'PRON': 'кто'}]
584;Кому, кроме тебя, доверяет Думбльдор?;8;[{'PRON': 'кто'}, {'PUNCT': ','}, {'ADP': 'кроме'}, {'PRON': 'ты'}, {'PUNCT': ','}, {'VERB': 'доверять'}, {'PROPN': 'думбльдор'}, {'PUNCT': '?'}];кто;[{'PRON': 'кто'}]
624;И кому, по-вашему, поверят, ему или нам?;11;[{'CCONJ': 'и'}, {'PRON': 'кто'}, {'PUNCT': ','}, {'VERB': 'по-вашему'}, {'PUNCT': ','}, {'VERB': 'поверить'}, {'PUNCT': ','}, {'PRON': 'он'}, {'CCONJ': 'или'}, {'PRON': 'мы'}, {'PUNCT': '?'}];кто;[{'PRON': 'кто'}]
635;А если тот, кто его покалечил, найдет нас первым?;12;[{'CCONJ': 'а'}, {'SCONJ': 'если'}, {'DET': 'тот'}, {'PUNCT': ','}, {'PRON': 'кто'}, {'PRON': 'он'}, {'VERB': 'покалечить'}, {'PUNCT': ','}, {'VERB': 'найти'}, {'PRON': 'мы'}, {'ADJ': 'первый'}, {'PUNCT': '?'}];кто;[{'PRON': 'кто'}]
639;Кто идет?;3;[{'PRON': 'кто'}, {'VERB': 'идти'}, {'PUNCT': '?'}];кто;[{'PRON': 'кто'}]
640;И на поляне появился… кто, человек или конь?;11;[{'CCONJ': 'и'}, {'ADP': 'на'}, {'NOUN': 'поляна'}, {'VERB': 'появиться'}, {'PUNCT': '…'}, {'PRON': 'кто'}, {'PUNCT': ','}, {'NOUN': 'человек'}, {'CCONJ': 'или'}, {'NOUN': 'конь'}, {'PUNCT': '?'}];кто;[{'PRON': 'кто'}]
665;А ты не видишь, кто это такой?;9;[{'CCONJ': 'а'}, {'PRON': 'ты'}, {'PART': 'не'}, {'VERB': 'видеть'}, {'PUNCT': ','}, {'PRON': 'кто'}, {'PRON': 'это'}, {'DET': 'такой'}, {'PUNCT': '?'}];кто;[{'PRON': 'кто'}]
673;И вообще, от кого вы меня спасли?;9;[{'CCONJ': 'и'}, {'ADV': 'вообще'}, {'PUNCT': ','}, {'ADP': 'от'}, {'PRON': 'кто'}, {'PRON': 'вы'}, {'PRON': 'я'}, {'VERB': 'спасти'}, {'PUNCT': '?'}];кто;[{'PRON': 'кто'}]
675;Но кто на это пойдет?;6;[{'CCONJ': 'но'}, {'PRON': 'кто'}, {'ADP': 'на'}, {'PRON': 'это'}, {'VERB': 'пойти'}, {'PUNCT': '?'}];кто;[{'PRON': 'кто'}]
728;Кто тут?;3;[{'PRON': 'кто'}, {'ADV': 'тут'}, {'PUNCT': '?'}];кто;[{'PRON': 'кто'}]
741;ВЕДЬМА ТЫ ИЛИ КТО?;5;[{'NOUN': 'ведьма'}, {'NOUN': 'ты'}, {'CCONJ': 'или'}, {'VERB': 'кто'}, {'PUNCT': '?'}];кто;[{'VERB': 'кто'}]
768;Кто рядом с ним заподозрит н-несчастного, б-бедного з-заику п-п-профессора С-Страунса?;12;[{'PRON': 'кто'}, {'ADV': 'рядом'}, {'ADP': 'с'}, {'PRON': 'он'}, {'VERB': 'заподозрить'}, {'NOUN': 'н-несчастный'}, {'PUNCT': ','}, {'VERB': 'б-бедный'}, {'ADJ': 'з-заика'}, {'X': 'п-п-профессора'}, {'X': 'с-страунса'}, {'PUNCT': '?'}];кто;[{'PRON': 'кто'}]
791;А у кого же он?;6;[{'CCONJ': 'а'}, {'ADP': 'у'}, {'PRON': 'кто'}, {'PART': 'же'}, {'PRON': 'он'}, {'PUNCT': '?'}];кто;[{'PRON': 'кто'}]
807;Вы не знаете, кто мне его прислал?;9;[{'PRON': 'вы'}, {'PART': 'не'}, {'VERB': 'знать'}, {'PUNCT': ','}, {'PRON': 'кто'}, {'PRON': 'я'}, {'PRON': 'он'}, {'VERB': 'прислать'}, {'PUNCT': '?'}];кто;[{'PRON': 'кто'}]
873;Вы же знаете, кто такой Думбльдор?;8;[{'PRON': 'вы'}, {'PART': 'же'}, {'VERB': 'знать'}, {'PUNCT': ','}, {'PRON': 'кто'}, {'DET': 'такой'}, {'PROPN': 'думбльдор'}, {'PUNCT': '?'}];кто;[{'PRON': 'кто'}]
900;Кто это – Эррол?;5;[{'PRON': 'кто'}, {'PRON': 'это'}, {'PUNCT': '–'}, {'PROPN': 'эррол'}, {'PUNCT': '?'}];кто;[{'PRON': 'кто'}]
946;А знаете, кого я видел в «Боргине и Д’Авиле»?;15;[{'CCONJ': 'а'}, {'VERB': 'знать'}, {'PUNCT': ','}, {'PRON': 'кто'}, {'PRON': 'я'}, {'VERB': 'видеть'}, {'ADP': 'в'}, {'PUNCT': '«'}, {'NOUN': 'боргин'}, {'CCONJ': 'и'}, {'PROPN': 'д'}, {'PUNCT': '’'}, {'PROPN': 'авила'}, {'PUNCT': '»'}, {'PUNCT': '?'}];кто;[{'PRON': 'кто'}]
1025;Кто это тут раздает автографы?;6;[{'PRON': 'кто'}, {'PRON': 'это'}, {'ADV': 'тут'}, {'VERB': 'раздавать'}, {'NOUN': 'автограф'}, {'PUNCT': '?'}];кто;[{'PRON': 'кто'}]
1054;Это еще кто?;4;[{'PRON': 'это'}, {'ADV': 'еще'}, {'PRON': 'кто'}, {'PUNCT': '?'}];кто;[{'PRON': 'кто'}]
1073;И правда – разве ж кто поболе года продержался?;10;[{'CCONJ': 'и'}, {'ADV': 'правда'}, {'PUNCT': '–'}, {'PART': 'разве'}, {'PART': 'ж'}, {'PRON': 'кто'}, {'NOUN': 'побол'}, {'NOUN': 'год'}, {'VERB': 'продержаться'}, {'PUNCT': '?'}];кто;[{'PRON': 'кто'}]
1074;Лучше расскажите, кого это он хотел проклясть?;9;[{'ADV': 'хороший'}, {'VERB': 'рассказать'}, {'PUNCT': ','}, {'PRON': 'кто'}, {'PRON': 'это'}, {'PRON': 'он'}, {'VERB': 'хотеть'}, {'VERB': 'проклясть'}, {'PUNCT': '?'}];кто;[{'PRON': 'кто'}]
1106;Кому нужно праздновать день собственной смерти?;7;[{'PRON': 'кто'}, {'ADJ': 'нужный'}, {'VERB': 'праздновать'}, {'NOUN': 'день'}, {'ADJ': 'собственный'}, {'NOUN': 'смерть'}, {'PUNCT': '?'}];кто;[{'PRON': 'кто'}]
1109;С кем?;3;[{'ADP': 'с'}, {'PRON': 'кто'}, {'PUNCT': '?'}];кто;[{'PRON': 'кто'}]
1165;Кто же это мог быть?;6;[{'PRON': 'кто'}, {'PART': 'же'}, {'PRON': 'это'}, {'VERB': 'мочь'}, {'AUX': 'быть'}, {'PUNCT': '?'}];кто;[{'PRON': 'кто'}]
1166;Кому нужно запугать всех швахов и муглорожденных, чтоб они покинули«Хогварц»?;15;[{'PRON': 'кто'}, {'ADJ': 'нужный'}, {'VERB': 'запугать'}, {'DET': 'весь'}, {'NOUN': 'швах'}, {'CCONJ': 'и'}, {'NOUN': 'муглорожденный'}, {'PUNCT': ','}, {'SCONJ': 'чтоб'}, {'PRON': 'они'}, {'VERB': 'покинуть'}, {'PUNCT': '«'}, {'PROPN': 'хогварц'}, {'PUNCT': '»'}, {'PUNCT': '?'}];кто;[{'PRON': 'кто'}]
1221;Но кто, Добби?;5;[{'CCONJ': 'но'}, {'PRON': 'кто'}, {'PUNCT': ','}, {'PROPN': 'добби'}, {'PUNCT': '?'}];кто;[{'PRON': 'кто'}]
1222;Кто открыл Комнату?;4;[{'PRON': 'кто'}, {'VERB': 'открыть'}, {'NOUN': 'комната'}, {'PUNCT': '?'}];кто;[{'PRON': 'кто'}]
1223;Кто открывал ее в прошлый раз?;7;[{'PRON': 'кто'}, {'VERB': 'открывать'}, {'PRON': 'она'}, {'ADP': 'в'}, {'ADJ': 'прошлый'}, {'NOUN': 'раз'}, {'PUNCT': '?'}];кто;[{'PRON': 'кто'}]
1239;Интересно, кто нас будет учить?;7;[{'ADJ': 'интересный'}, {'PUNCT': ','}, {'PRON': 'кто'}, {'PRON': 'мы'}, {'AUX': 'быть'}, {'VERB': 'учить'}, {'PUNCT': '?'}];кто;[{'PRON': 'кто'}]
1254;Кто я?;3;[{'PRON': 'кто'}, {'PRON': 'я'}, {'PUNCT': '?'}];кто;[{'PRON': 'кто'}]
1299;У кого патлы навыдираешь?;5;[{'ADP': 'у'}, {'PRON': 'кто'}, {'VERB': 'патлы'}, {'NOUN': 'навыдирать'}, {'PUNCT': '?'}];кто;[{'PRON': 'кто'}]
1327;А ты случайно не знаешь, поймали того, кто открыл Комнату в прошлый раз?;16;[{'CCONJ': 'а'}, {'PRON': 'ты'}, {'ADV': 'случайно'}, {'PART': 'не'}, {'VERB': 'знать'}, {'PUNCT': ','}, {'VERB': 'поймать'}, {'DET': 'тот'}, {'PUNCT': ','}, {'PRON': 'кто'}, {'VERB': 'открыть'}, {'PROPN': 'комната'}, {'ADP': 'в'}, {'ADJ': 'прошлый'}, {'NOUN': 'раз'}, {'PUNCT': '?'}];кто;[{'PRON': 'кто'}]
1343;Кто здесь?;3;[{'PRON': 'кто'}, {'ADV': 'здесь'}, {'PUNCT': '?'}];кто;[{'PRON': 'кто'}]
1349;А кто кинул в тебя блокнот?;7;[{'CCONJ': 'а'}, {'PRON': 'кто'}, {'VERB': 'кинуть'}, {'ADP': 'в'}, {'PRON': 'ты'}, {'NOUN': 'блокнот'}, {'PUNCT': '?'}];кто;[{'PRON': 'кто'}]
1368;Кто это был в прошлый раз?;7;[{'PRON': 'кто'}, {'PRON': 'это'}, {'AUX': 'быть'}, {'ADP': 'в'}, {'ADJ': 'прошлый'}, {'NOUN': 'раз'}, {'PUNCT': '?'}];кто;[{'PRON': 'кто'}]
1387;Ну кто его заставлял доносить на Огрида?;8;[{'PART': 'ну'}, {'PRON': 'кто'}, {'PRON': 'он'}, {'VERB': 'заставлять'}, {'VERB': 'доносить'}, {'ADP': 'на'}, {'PROPN': 'огрида'}, {'PUNCT': '?'}];кто;[{'PRON': 'кто'}]
1391;Кто это тут все раскидал, а, Гарри?;10;[{'PRON': 'кто'}, {'PRON': 'это'}, {'ADV': 'тут'}, {'PRON': 'весь'}, {'VERB': 'раскидать'}, {'PUNCT': ','}, {'CCONJ': 'а'}, {'PUNCT': ','}, {'PROPN': 'гарри'}, {'PUNCT': '?'}];кто;[{'PRON': 'кто'}]
1416;Послушайте, Малфой, еслиДумбльдоруне удалось, – над верхней губой у Фуджа выступил пот, – то, я хочу сказать, кому тогдаудастся?;26;[{'PROPN': 'послушайте'}, {'PUNCT': ','}, {'PROPN': 'малфа'}, {'PUNCT': ','}, {'PART': 'еслидумбльдоруне'}, {'VERB': 'удаться'}, {'PUNCT': ','}, {'PUNCT': '–'}, {'ADP': 'над'}, {'ADJ': 'верхний'}, {'NOUN': 'губа'}, {'ADP': 'у'}, {'PROPN': 'фуджа'}, {'VERB': 'выступить'}, {'NOUN': 'пот'}, {'PUNCT': ','}, {'PUNCT': '–'}, {'SCONJ': 'то'}, {'PUNCT': ','}, {'PRON': 'я'}, {'VERB': 'хотеть'}, {'VERB': 'сказать'}, {'PUNCT': ','}, {'PRON': 'кто'}, {'VERB': 'тогдаудаться'}, {'PUNCT': '?'}];кто;[{'PRON': 'кто'}]
1428;Это кто сказал?;4;[{'PRON': 'это'}, {'PRON': 'кто'}, {'VERB': 'сказать'}, {'PUNCT': '?'}];кто;[{'PRON': 'кто'}]
1483;Кого он забрал?;4;[{'PRON': 'кто'}, {'PRON': 'он'}, {'VERB': 'забрать'}, {'PUNCT': '?'}];кто;[{'PRON': 'кто'}]
1532;Я, кто с материнской стороны унаследовал кровь самого Салазара Слизерина?;12;[{'PRON': 'я'}, {'PUNCT': ','}, {'PRON': 'кто'}, {'ADP': 'с'}, {'ADJ': 'материнский'}, {'NOUN': 'сторона'}, {'VERB': 'унаследовать'}, {'NOUN': 'кровь'}, {'ADJ': 'сам'}, {'PROPN': 'салазар'}, {'PROPN': 'слизерин'}, {'PUNCT': '?'}];кто;[{'PRON': 'кто'}]
1583;Кто же это?;4;[{'PRON': 'кто'}, {'PART': 'же'}, {'PRON': 'это'}, {'PUNCT': '?'}];кто;[{'PRON': 'кто'}]
1606;КТО ГОВОРИТ?;3;[{'VERB': 'кто'}, {'VERB': 'говорить'}, {'PUNCT': '?'}];кто;[{'VERB': 'кто'}]
1607;ВЫ КТО?;3;[{'PROPN': 'вы'}, {'PROPN': 'кто'}, {'PUNCT': '?'}];кто;[{'PROPN': 'кто'}]
1633;А кто присматривает за остальными собаками, Мардж?;9;[{'CCONJ': 'а'}, {'PRON': 'кто'}, {'VERB': 'присматривать'}, {'ADP': 'за'}, {'ADJ': 'остальной'}, {'NOUN': 'собака'}, {'PUNCT': ','}, {'PROPN': 'мардж'}, {'PUNCT': '?'}];кто;[{'PRON': 'кто'}]
1664;И давайте посмотрим правде в глаза: даже если обмолвится, кто ему поверит?;15;[{'CCONJ': 'и'}, {'VERB': 'давать'}, {'VERB': 'посмотреть'}, {'NOUN': 'правда'}, {'ADP': 'в'}, {'NOUN': 'глаз'}, {'PUNCT': ':'}, {'PART': 'даже'}, {'SCONJ': 'если'}, {'VERB': 'обмолвиться'}, {'PUNCT': ','}, {'PRON': 'кто'}, {'PRON': 'он'}, {'VERB': 'поверить'}, {'PUNCT': '?'}];кто;[{'PRON': 'кто'}]
1693;Угадай, кто в самделе Невилл?;7;[{'PROPN': 'угадать'}, {'PUNCT': ','}, {'PRON': 'кто'}, {'ADP': 'в'}, {'NOUN': 'самдел'}, {'PROPN': 'невилл'}, {'PUNCT': '?'}];кто;[{'PRON': 'кто'}]
1712;Те, кто ел по соседству, показывали друг другу покупки («Это луноскоп, приятель, – не надо возиться с картами Луны, понимаешь?;28;[{'DET': 'тот'}, {'PUNCT': ','}, {'PRON': 'кто'}, {'VERB': 'есть'}, {'ADP': 'по'}, {'NOUN': 'соседство'}, {'PUNCT': ','}, {'VERB': 'показывать'}, {'PRON': 'друг'}, {'PRON': 'друг'}, {'NOUN': 'покупка'}, {'PUNCT': '('}, {'PUNCT': '«'}, {'PRON': 'это'}, {'NOUN': 'луноскоп'}, {'PUNCT': ','}, {'NOUN': 'приятель'}, {'PUNCT': ','}, {'PUNCT': '–'}, {'PART': 'не'}, {'ADV': 'надо'}, {'VERB': 'возиться'}, {'ADP': 'с'}, {'NOUN': 'карта'}, {'PROPN': 'луна'}, {'PUNCT': ','}, {'VERB': 'понимать'}, {'PUNCT': '?'}];кто;[{'PRON': 'кто'}]
1760;Да и кто их любит?;6;[{'CCONJ': 'да'}, {'CCONJ': 'и'}, {'PRON': 'кто'}, {'PRON': 'они'}, {'VERB': 'любить'}, {'PUNCT': '?'}];кто;[{'PRON': 'кто'}]
1763;За кого они его держат?;6;[{'ADP': 'за'}, {'PRON': 'кто'}, {'PRON': 'они'}, {'PRON': 'он'}, {'VERB': 'держать'}, {'PUNCT': '?'}];кто;[{'PRON': 'кто'}]
1777;Это еще кто?;4;[{'PRON': 'это'}, {'ADV': 'еще'}, {'PRON': 'кто'}, {'PUNCT': '?'}];кто;[{'PRON': 'кто'}]
1800;Кто это?;3;[{'PRON': 'кто'}, {'PRON': 'это'}, {'PUNCT': '?'}];кто;[{'PRON': 'кто'}]
1809;Кто это?;3;[{'PRON': 'кто'}, {'PRON': 'это'}, {'PUNCT': '?'}];кто;[{'PRON': 'кто'}]
1819;И кто кричал?;4;[{'CCONJ': 'и'}, {'PRON': 'кто'}, {'VERB': 'кричать'}, {'PUNCT': '?'}];кто;[{'PRON': 'кто'}]
1843;Кто еще включит в список кусачую книгу?;8;[{'PRON': 'кто'}, {'ADV': 'еще'}, {'VERB': 'включить'}, {'ADP': 'в'}, {'NOUN': 'список'}, {'ADJ': 'кусачий'}, {'NOUN': 'книга'}, {'PUNCT': '?'}];кто;[{'PRON': 'кто'}]
1869;Признавайтесь, кому из вас предстоит умереть в этом году?;11;[{'PROPN': 'признавайтесь'}, {'PUNCT': ','}, {'PRON': 'кто'}, {'ADP': 'из'}, {'PRON': 'вы'}, {'VERB': 'предстоять'}, {'VERB': 'умереть'}, {'ADP': 'в'}, {'DET': 'этот'}, {'NOUN': 'год'}, {'PUNCT': '?'}];кто;[{'PRON': 'кто'}]
1882;Ну, кто первый?;5;[{'PART': 'ну'}, {'PUNCT': ','}, {'PRON': 'кто'}, {'ADJ': 'первый'}, {'PUNCT': '?'}];кто;[{'PRON': 'кто'}]
1885;Ну лады, кто еще хочет прокатиться?;8;[{'PART': 'ну'}, {'NOUN': 'лада'}, {'PUNCT': ','}, {'PRON': 'кто'}, {'ADV': 'еще'}, {'VERB': 'хотеть'}, {'VERB': 'прокатиться'}, {'PUNCT': '?'}];кто;[{'PRON': 'кто'}]
1902;А у меня такая серьезная травма, – он испустил тяжкий, горестный вздох, – кто знает, заработает ли вообще рука?;24;[{'CCONJ': 'а'}, {'ADP': 'у'}, {'PRON': 'я'}, {'DET': 'такой'}, {'ADJ': 'серьезный'}, {'NOUN': 'травма'}, {'PUNCT': ','}, {'PUNCT': '–'}, {'PRON': 'он'}, {'ADJ': 'испустить'}, {'NOUN': 'тяжкий'}, {'PUNCT': ','}, {'VERB': 'горестный'}, {'NOUN': 'вздох'}, {'PUNCT': ','}, {'PUNCT': '–'}, {'PRON': 'кто'}, {'VERB': 'знать'}, {'PUNCT': ','}, {'VERB': 'заработать'}, {'PART': 'ли'}, {'ADV': 'вообще'}, {'NOUN': 'рука'}, {'PUNCT': '?'}];кто;[{'PRON': 'кто'}]
1931;Кем ему быть – трупом без головы или плотоядным слизнем?;11;[{'PRON': 'кто'}, {'PRON': 'он'}, {'AUX': 'быть'}, {'PUNCT': '–'}, {'NOUN': 'труп'}, {'ADP': 'без'}, {'NOUN': 'голова'}, {'CCONJ': 'или'}, {'ADJ': 'плотоядный'}, {'NOUN': 'слизень'}, {'PUNCT': '?'}];кто;[{'PRON': 'кто'}]
1949;А у тебя он кем бы стал?;8;[{'CCONJ': 'а'}, {'ADP': 'у'}, {'PRON': 'ты'}, {'PRON': 'он'}, {'PRON': 'кто'}, {'AUX': 'бы'}, {'VERB': 'стать'}, {'PUNCT': '?'}];кто;[{'PRON': 'кто'}]
1951;Кому, скажите на милость, придет в голову за нимиухаживать?;12;[{'PRON': 'кто'}, {'PUNCT': ','}, {'VERB': 'сказать'}, {'ADP': 'на'}, {'NOUN': 'милость'}, {'PUNCT': ','}, {'VERB': 'прийти'}, {'ADP': 'в'}, {'NOUN': 'голова'}, {'ADP': 'за'}, {'NOUN': 'нимиухаживать'}, {'PUNCT': '?'}];кто;[{'PRON': 'кто'}]
2005;Она сказала, кто это сделал?;7;[{'PRON': 'она'}, {'VERB': 'сказать'}, {'PUNCT': ','}, {'PRON': 'кто'}, {'PRON': 'это'}, {'VERB': 'сделать'}, {'PUNCT': '?'}];кто;[{'PRON': 'кто'}]
2031;Кто может ответить?;4;[{'PRON': 'кто'}, {'VERB': 'мочь'}, {'VERB': 'ответить'}, {'PUNCT': '?'}];кто;[{'PRON': 'кто'}]
2112;А ты помнишь, кто был его лучшим другом?;10;[{'CCONJ': 'а'}, {'PRON': 'ты'}, {'VERB': 'помнить'}, {'PUNCT': ','}, {'PRON': 'кто'}, {'AUX': 'быть'}, {'PRON': 'он'}, {'ADJ': 'хороший'}, {'NOUN': 'друг'}, {'PUNCT': '?'}];кто;[{'PRON': 'кто'}]
2163;Кто тебе это прислал?;5;[{'PRON': 'кто'}, {'PRON': 'ты'}, {'PRON': 'это'}, {'VERB': 'прислать'}, {'PUNCT': '?'}];кто;[{'PRON': 'кто'}]
2165;Мама дорогая, да кто ж потратил на тебя столько денег?;12;[{'NOUN': 'мама'}, {'ADJ': 'дорогой'}, {'PUNCT': ','}, {'CCONJ': 'да'}, {'PRON': 'кто'}, {'PART': 'ж'}, {'VERB': 'потратить'}, {'ADP': 'на'}, {'PRON': 'ты'}, {'NUM': 'столько'}, {'NOUN': 'деньга'}, {'PUNCT': '?'}];кто;[{'PRON': 'кто'}]
2166;–Кто?. .;4;[{'PUNCT': '–'}, {'PRON': 'кто'}, {'PUNCT': '?.'}, {'PUNCT': '.'}];кто;[{'PRON': 'кто'}]
2175;Кто мог прислать такую дорогую вещь анонимно?;8;[{'PRON': 'кто'}, {'VERB': 'мочь'}, {'VERB': 'прислать'}, {'DET': 'такой'}, {'ADJ': 'дорогой'}, {'NOUN': 'вещь'}, {'ADV': 'анонимно'}, {'PUNCT': '?'}];кто;[{'PRON': 'кто'}]
2182;Кто я такая, чтобы сопротивляться велению судьбы?;9;[{'PRON': 'кто'}, {'PRON': 'я'}, {'DET': 'такой'}, {'PUNCT': ','}, {'SCONJ': 'чтобы'}, {'VERB': 'сопротивляться'}, {'NOUN': 'веление'}, {'NOUN': 'судьба'}, {'PUNCT': '?'}];кто;[{'PRON': 'кто'}]
2188;Кто из вас встал первым?;6;[{'PRON': 'кто'}, {'ADP': 'из'}, {'PRON': 'вы'}, {'VERB': 'встать'}, {'ADJ': 'первый'}, {'PUNCT': '?'}];кто;[{'PRON': 'кто'}]
2288;Кто кричал?;3;[{'PRON': 'кто'}, {'VERB': 'кричать'}, {'PUNCT': '?'}];кто;[{'PRON': 'кто'}]
2327;Кто это сделал?;4;[{'PRON': 'кто'}, {'PRON': 'это'}, {'VERB': 'сделать'}, {'PUNCT': '?'}];кто;[{'PRON': 'кто'}]
2377;А кто дает темы для экзаменов?;7;[{'CCONJ': 'а'}, {'PRON': 'кто'}, {'VERB': 'давать'}, {'NOUN': 'тема'}, {'ADP': 'для'}, {'NOUN': 'экзамен'}, {'PUNCT': '?'}];кто;[{'PRON': 'кто'}]
2461;Про кого Люпин спрашивает?;5;[{'ADP': 'про'}, {'PRON': 'кто'}, {'PROPN': 'люпин'}, {'VERB': 'спрашивать'}, {'PUNCT': '?'}];кто;[{'PRON': 'кто'}]
2628;Но кто его вызвал?;5;[{'CCONJ': 'но'}, {'PRON': 'кто'}, {'PRON': 'он'}, {'VERB': 'вызвать'}, {'PUNCT': '?'}];кто;[{'PRON': 'кто'}]
2634;Ну так кого ты видел?;6;[{'PART': 'ну'}, {'ADV': 'так'}, {'PRON': 'кто'}, {'PRON': 'ты'}, {'VERB': 'видеть'}, {'PUNCT': '?'}];кто;[{'PRON': 'кто'}]
2649;Это кто?;3;[{'PRON': 'это'}, {'PRON': 'кто'}, {'PUNCT': '?'}];кто;[{'PRON': 'кто'}]
2691;Кто бы мог подумать?;5;[{'PRON': 'кто'}, {'AUX': 'бы'}, {'VERB': 'мочь'}, {'VERB': 'подумать'}, {'PUNCT': '?'}];кто;[{'PRON': 'кто'}]
2698;Интересно, кто у нас будет на следующий год?;10;[{'ADJ': 'интересный'}, {'PUNCT': ','}, {'PRON': 'кто'}, {'ADP': 'у'}, {'PRON': 'мы'}, {'VERB': 'быть'}, {'ADP': 'на'}, {'ADJ': 'следующий'}, {'NOUN': 'год'}, {'PUNCT': '?'}];кто;[{'PRON': 'кто'}]
2709;Жителей деревни волновало одно: кто убийца?;8;[{'NOUN': 'житель'}, {'NOUN': 'деревня'}, {'VERB': 'волновать'}, {'NUM': 'один'}, {'PUNCT': ':'}, {'PRON': 'кто'}, {'NOUN': 'убийца'}, {'PUNCT': '?'}];кто;[{'PRON': 'кто'}]
2711;А у кого ж еще был ключ от задней двери?;11;[{'CCONJ': 'а'}, {'ADP': 'у'}, {'PRON': 'кто'}, {'PART': 'ж'}, {'ADV': 'еще'}, {'AUX': 'быть'}, {'NOUN': 'ключ'}, {'ADP': 'от'}, {'ADJ': 'задний'}, {'NOUN': 'дверь'}, {'PUNCT': '?'}];кто;[{'PRON': 'кто'}]
2726;Кто будет доить Нагини?;5;[{'PRON': 'кто'}, {'AUX': 'быть'}, {'VERB': 'доить'}, {'PROPN': 'нагини'}, {'PUNCT': '?'}];кто;[{'PRON': 'кто'}]
2760;Кто бы из его знакомых стал писать про него дяде Вернону?;12;[{'PRON': 'кто'}, {'AUX': 'бы'}, {'ADP': 'из'}, {'PRON': 'он'}, {'NOUN': 'знакомый'}, {'VERB': 'стать'}, {'VERB': 'писать'}, {'ADP': 'про'}, {'PRON': 'он'}, {'NOUN': 'дядя'}, {'PROPN': 'вернон'}, {'PUNCT': '?'}];кто;[{'PRON': 'кто'}]
2763;Кто она?;3;[{'PRON': 'кто'}, {'PRON': 'она'}, {'PUNCT': '?'}];кто;[{'PRON': 'кто'}]
2810;Он сам виноват – кто его просил это есть?;10;[{'PRON': 'он'}, {'ADJ': 'сам'}, {'ADJ': 'виноватый'}, {'PUNCT': '–'}, {'PRON': 'кто'}, {'PRON': 'он'}, {'VERB': 'просить'}, {'PRON': 'это'}, {'AUX': 'быть'}, {'PUNCT': '?'}];кто;[{'PRON': 'кто'}]
2868;А вы кто?;4;[{'CCONJ': 'а'}, {'PRON': 'вы'}, {'PRON': 'кто'}, {'PUNCT': '?'}];кто;[{'PRON': 'кто'}]
2923;Гарри оторвал взгляд от доски и посмотрел через плечо: кто еще сидит в Высшей ложе?;17;[{'PROPN': 'гарри'}, {'VERB': 'оторвать'}, {'NOUN': 'взгляд'}, {'ADP': 'от'}, {'NOUN': 'доска'}, {'CCONJ': 'и'}, {'VERB': 'посмотреть'}, {'ADP': 'через'}, {'NOUN': 'плечо'}, {'PUNCT': ':'}, {'PRON': 'кто'}, {'ADV': 'еще'}, {'VERB': 'сидеть'}, {'ADP': 'в'}, {'ADJ': 'высокий'}, {'NOUN': 'ложа'}, {'PUNCT': '?'}];кто;[{'PRON': 'кто'}]
2937;Давайте посмотрим, кто тут еще, – полагаю, с Артуром Уизли вы знакомы?;16;[{'VERB': 'давать'}, {'VERB': 'посмотреть'}, {'PUNCT': ','}, {'PRON': 'кто'}, {'ADV': 'тут'}, {'ADV': 'еще'}, {'PUNCT': ','}, {'PUNCT': '–'}, {'VERB': 'полагать'}, {'PUNCT': ','}, {'ADP': 'с'}, {'PROPN': 'артур'}, {'PROPN': 'уизли'}, {'PRON': 'вы'}, {'ADJ': 'знакомый'}, {'PUNCT': '?'}];кто;[{'PRON': 'кто'}]
2943;А кто это та?;5;[{'CCONJ': 'а'}, {'PRON': 'кто'}, {'PRON': 'это'}, {'DET': 'тот'}, {'PUNCT': '?'}];кто;[{'PRON': 'кто'}]
2982;Кто здесь?;3;[{'PRON': 'кто'}, {'ADV': 'здесь'}, {'PUNCT': '?'}];кто;[{'PRON': 'кто'}]
2990;Кто здесь?;3;[{'PRON': 'кто'}, {'ADV': 'здесь'}, {'PUNCT': '?'}];кто;[{'PRON': 'кто'}]
2992;Кто здесь?;3;[{'PRON': 'кто'}, {'ADV': 'здесь'}, {'PUNCT': '?'}];кто;[{'PRON': 'кто'}]
2996;Кто из вас это сделал?;6;[{'PRON': 'кто'}, {'ADP': 'из'}, {'PRON': 'вы'}, {'PRON': 'это'}, {'VERB': 'сделать'}, {'PUNCT': '?'}];кто;[{'PRON': 'кто'}]
2997;Кто из вас создал Смертный Знак?;7;[{'PRON': 'кто'}, {'ADP': 'из'}, {'PRON': 'вы'}, {'VERB': 'создать'}, {'PROPN': 'смертный'}, {'PROPN': 'знак'}, {'PUNCT': '?'}];кто;[{'PRON': 'кто'}]
3004;Кто это?;3;[{'PRON': 'кто'}, {'PRON': 'это'}, {'PUNCT': '?'}];кто;[{'PRON': 'кто'}]
3007;Кто его создал?;4;[{'PRON': 'кто'}, {'PRON': 'он'}, {'VERB': 'создать'}, {'PUNCT': '?'}];кто;[{'PRON': 'кто'}]
3018;Тебе известно, кто я такой?;7;[{'PRON': 'ты'}, {'ADJ': 'известный'}, {'PUNCT': ','}, {'PRON': 'кто'}, {'PRON': 'я'}, {'DET': 'такой'}, {'PUNCT': '?'}];кто;[{'PRON': 'кто'}]
3032;От кого еще она могла научиться заклинанию?;8;[{'ADP': 'от'}, {'PRON': 'кто'}, {'ADV': 'еще'}, {'PRON': 'она'}, {'VERB': 'мочь'}, {'VERB': 'научиться'}, {'NOUN': 'заклинание'}, {'PUNCT': '?'}];кто;[{'PRON': 'кто'}]
3044;Кто это сделал?;4;[{'PRON': 'кто'}, {'PRON': 'это'}, {'VERB': 'сделать'}, {'PUNCT': '?'}];кто;[{'PRON': 'кто'}]
3048;Тех, кто создал Знак?;6;[{'DET': 'тот'}, {'PUNCT': ','}, {'PRON': 'кто'}, {'VERB': 'создать'}, {'PROPN': 'знак'}, {'PUNCT': '?'}];кто;[{'PRON': 'кто'}]
3055;Кто такие Упивающиеся Смертью?;5;[{'PRON': 'кто'}, {'DET': 'такой'}, {'PROPN': 'упиваться'}, {'PROPN': 'смерть'}, {'PUNCT': '?'}];кто;[{'PRON': 'кто'}]
3066;Кто написал?;3;[{'PRON': 'кто'}, {'VERB': 'написать'}, {'PUNCT': '?'}];кто;[{'PRON': 'кто'}]
3097;А кто к нему залез?;6;[{'CCONJ': 'а'}, {'PRON': 'кто'}, {'ADP': 'к'}, {'PRON': 'он'}, {'VERB': 'залезть'}, {'PUNCT': '?'}];кто;[{'PRON': 'кто'}]
3098;Кому нужен его двор, да еще ночью?;9;[{'PRON': 'кто'}, {'ADJ': 'нужный'}, {'DET': 'его'}, {'NOUN': 'двор'}, {'PUNCT': ','}, {'CCONJ': 'да'}, {'ADV': 'еще'}, {'NOUN': 'ночь'}, {'PUNCT': '?'}];кто;[{'PRON': 'кто'}]
3101;Ни на кого не нападал?;6;[{'PART': 'ни'}, {'ADP': 'на'}, {'PRON': 'кто'}, {'PART': 'не'}, {'VERB': 'нападать'}, {'PUNCT': '?'}];кто;[{'PRON': 'кто'}]
3107;Кто тут сказал «Шизоглаз»?;7;[{'PRON': 'кто'}, {'ADV': 'тут'}, {'VERB': 'сказать'}, {'PUNCT': '«'}, {'PROPN': 'шизоглаз'}, {'PUNCT': '»'}, {'PUNCT': '?'}];кто;[{'PRON': 'кто'}]
3150;Но кто же займется набором, когдаИх веку настанет конец?;11;[{'CCONJ': 'но'}, {'PRON': 'кто'}, {'PART': 'же'}, {'VERB': 'заняться'}, {'NOUN': 'набор'}, {'PUNCT': ','}, {'PROPN': 'когдаихнуть'}, {'NOUN': 'век'}, {'VERB': 'настать'}, {'NOUN': 'конец'}, {'PUNCT': '?'}];кто;[{'PRON': 'кто'}]
3182;Кто его знает, да?;6;[{'PRON': 'кто'}, {'PRON': 'он'}, {'VERB': 'знать'}, {'PUNCT': ','}, {'PART': 'да'}, {'PUNCT': '?'}];кто;[{'PRON': 'кто'}]
3191;Кто же откажется от питомца, который с одного конца жалит, с другого кусает, а с третьего – жжет?;22;[{'PRON': 'кто'}, {'PART': 'же'}, {'VERB': 'отказаться'}, {'ADP': 'от'}, {'NOUN': 'питомец'}, {'PUNCT': ','}, {'PRON': 'который'}, {'ADP': 'с'}, {'NUM': 'один'}, {'NOUN': 'конец'}, {'NOUN': 'жалить'}, {'PUNCT': ','}, {'ADP': 'с'}, {'ADJ': 'другой'}, {'VERB': 'кусать'}, {'PUNCT': ','}, {'CCONJ': 'а'}, {'ADP': 'с'}, {'ADJ': 'третий'}, {'PUNCT': '–'}, {'VERB': 'жечь'}, {'PUNCT': '?'}];кто;[{'PRON': 'кто'}]
3234;Кто может назвать еще?;5;[{'PRON': 'кто'}, {'VERB': 'мочь'}, {'VERB': 'назвать'}, {'ADV': 'еще'}, {'PUNCT': '?'}];кто;[{'PRON': 'кто'}]
3258;А ты… давай ты получишь удар в спину от того, кого считал другом?;16;[{'CCONJ': 'а'}, {'PRON': 'ты'}, {'PUNCT': '…'}, {'VERB': 'давать'}, {'PRON': 'ты'}, {'VERB': 'получить'}, {'NOUN': 'удар'}, {'ADP': 'в'}, {'NOUN': 'спина'}, {'ADP': 'от'}, {'PRON': 'тот'}, {'PUNCT': ','}, {'PRON': 'кто'}, {'VERB': 'считать'}, {'ADJ': 'друг'}, {'PUNCT': '?'}];кто;[{'PRON': 'кто'}]
3290;Кто вас избегает?;4;[{'PRON': 'кто'}, {'PRON': 'вы'}, {'VERB': 'избегать'}, {'PUNCT': '?'}];кто;[{'PRON': 'кто'}]
3295;А кто судьи?;4;[{'CCONJ': 'а'}, {'PRON': 'кто'}, {'NOUN': 'судья'}, {'PUNCT': '?'}];кто;[{'PRON': 'кто'}]
3326;Кого еще ждут?;4;[{'PRON': 'кто'}, {'ADV': 'еще'}, {'VERB': 'ждать'}, {'PUNCT': '?'}];кто;[{'PRON': 'кто'}]
3399;Есть такие, кому и правда нужно, чтобы он погиб?;12;[{'VERB': 'быть'}, {'DET': 'такой'}, {'PUNCT': ','}, {'PRON': 'кто'}, {'PART': 'и'}, {'ADV': 'правда'}, {'ADJ': 'нужный'}, {'PUNCT': ','}, {'SCONJ': 'чтобы'}, {'PRON': 'он'}, {'VERB': 'погибнуть'}, {'PUNCT': '?'}];кто;[{'PRON': 'кто'}]
3430;Не в курсе, кто тебя втравил, а?;10;[{'PART': 'не'}, {'ADP': 'в'}, {'NOUN': 'курс'}, {'PUNCT': ','}, {'PRON': 'кто'}, {'PRON': 'ты'}, {'VERB': 'втравить'}, {'PUNCT': ','}, {'CCONJ': 'а'}, {'PUNCT': '?'}];кто;[{'PRON': 'кто'}]
3478;По сравнению с кем?;5;[{'ADP': 'по'}, {'NOUN': 'сравнение'}, {'ADP': 'с'}, {'PRON': 'кто'}, {'PUNCT': '?'}];кто;[{'PRON': 'кто'}]
3516;Кто здесь?;3;[{'PRON': 'кто'}, {'ADV': 'здесь'}, {'PUNCT': '?'}];кто;[{'PRON': 'кто'}]
3517;Кто здесь?;3;[{'PRON': 'кто'}, {'ADV': 'здесь'}, {'PUNCT': '?'}];кто;[{'PRON': 'кто'}]
3522;Ты ведь знаешь, кто это?;7;[{'PRON': 'ты'}, {'PART': 'ведь'}, {'VERB': 'знать'}, {'PUNCT': ','}, {'PRON': 'кто'}, {'PRON': 'это'}, {'PUNCT': '?'}];кто;[{'PRON': 'кто'}]
3537;Он уставился на подножие лестницы – кому это пришло в голову прогуляться среди ночи?;15;[{'PRON': 'он'}, {'VERB': 'уставиться'}, {'ADP': 'на'}, {'NOUN': 'подножие'}, {'NOUN': 'лестница'}, {'PUNCT': '–'}, {'PRON': 'кто'}, {'PRON': 'это'}, {'VERB': 'прийти'}, {'ADP': 'в'}, {'NOUN': 'голова'}, {'VERB': 'прогуляться'}, {'ADP': 'среди'}, {'NOUN': 'ночь'}, {'PUNCT': '?'}];кто;[{'PRON': 'кто'}]
3539;С кем это ты разговаривал?;6;[{'ADP': 'с'}, {'PRON': 'кто'}, {'PART': 'это'}, {'PRON': 'ты'}, {'VERB': 'разговаривать'}, {'PUNCT': '?'}];кто;[{'PRON': 'кто'}]
3609;Вы кто?;3;[{'PRON': 'вы'}, {'PRON': 'кто'}, {'PUNCT': '?'}];кто;[{'PRON': 'кто'}]
3631;И кто же мы теперь?;6;[{'CCONJ': 'и'}, {'PRON': 'кто'}, {'PART': 'же'}, {'PRON': 'мы'}, {'ADV': 'теперь'}, {'PUNCT': '?'}];кто;[{'PRON': 'кто'}]
3663;А ты уже выбрал кого?;6;[{'CCONJ': 'а'}, {'PRON': 'ты'}, {'ADV': 'уже'}, {'VERB': 'выбрать'}, {'PRON': 'кто'}, {'PUNCT': '?'}];кто;[{'PRON': 'кто'}]
3671;Кого пригласишь-то, знаешь уже?;6;[{'PRON': 'кто'}, {'VERB': 'пригласить-то'}, {'PUNCT': ','}, {'VERB': 'знать'}, {'ADV': 'уже'}, {'PUNCT': '?'}];кто;[{'PRON': 'кто'}]
3676;Кому это вы все пишете, а?;8;[{'PRON': 'кто'}, {'PART': 'это'}, {'PRON': 'вы'}, {'DET': 'весь'}, {'VERB': 'писать'}, {'PUNCT': ','}, {'CCONJ': 'а'}, {'PUNCT': '?'}];кто;[{'PRON': 'кто'}]
3678;А сам с кем пойдешь?;6;[{'PROPN': 'а'}, {'ADJ': 'сам'}, {'ADP': 'с'}, {'PRON': 'кто'}, {'VERB': 'пойти'}, {'PUNCT': '?'}];кто;[{'PRON': 'кто'}]
3683;Простите, с парочкой… кого?;7;[{'VERB': 'простить'}, {'PUNCT': ','}, {'ADP': 'с'}, {'NOUN': 'парочка'}, {'PUNCT': '…'}, {'PRON': 'кто'}, {'PUNCT': '?'}];кто;[{'PRON': 'кто'}]
3684;То есть лучше пригласить самую симпатичную из тех, кто согласится, даже если она клиническая идиотка?;18;[{'PRON': 'тот'}, {'VERB': 'быть'}, {'ADJ': 'лучше'}, {'VERB': 'пригласить'}, {'ADJ': 'самый'}, {'ADJ': 'симпатичный'}, {'ADP': 'из'}, {'DET': 'тот'}, {'PUNCT': ','}, {'PRON': 'кто'}, {'VERB': 'согласиться'}, {'PUNCT': ','}, {'PART': 'даже'}, {'SCONJ': 'если'}, {'PRON': 'она'}, {'ADJ': 'клинический'}, {'NOUN': 'идиотка'}, {'PUNCT': '?'}];кто;[{'PRON': 'кто'}]
3685;Давай договоримся – вечером мы вернемся в спальню, уже зная, с кем идем на бал, хорошо?;20;[{'VERB': 'давать'}, {'VERB': 'договориться'}, {'PUNCT': '–'}, {'NOUN': 'вечер'}, {'PRON': 'мы'}, {'VERB': 'вернуться'}, {'ADP': 'в'}, {'NOUN': 'спальня'}, {'PUNCT': ','}, {'ADV': 'уже'}, {'VERB': 'знать'}, {'PUNCT': ','}, {'ADP': 'с'}, {'PRON': 'кто'}, {'VERB': 'идти'}, {'ADP': 'на'}, {'NOUN': 'бал'}, {'PUNCT': ','}, {'ADV': 'хорошо'}, {'PUNCT': '?'}];кто;[{'PRON': 'кто'}]
3694;А с кем ты идешь?;6;[{'CCONJ': 'а'}, {'ADP': 'с'}, {'PRON': 'кто'}, {'PRON': 'ты'}, {'VERB': 'идти'}, {'PUNCT': '?'}];кто;[{'PRON': 'кто'}]
3700;Кстати – угадай, кого пригласил он?;8;[{'ADV': 'кстати'}, {'PUNCT': '–'}, {'NOUN': 'угадать'}, {'PUNCT': ','}, {'PRON': 'кто'}, {'VERB': 'пригласить'}, {'PRON': 'он'}, {'PUNCT': '?'}];кто;[{'PRON': 'кто'}]
3702;Она просто не хотела идти с Невиллом… ну, то есть… а кто бы пошел?;18;[{'PRON': 'она'}, {'PART': 'просто'}, {'PART': 'не'}, {'VERB': 'хотеть'}, {'VERB': 'идти'}, {'ADP': 'с'}, {'PROPN': 'невилл'}, {'PUNCT': '…'}, {'PART': 'ну'}, {'PUNCT': ','}, {'PRON': 'тот'}, {'VERB': 'быть'}, {'PUNCT': '…'}, {'CCONJ': 'а'}, {'PRON': 'кто'}, {'AUX': 'бы'}, {'VERB': 'пойти'}, {'PUNCT': '?'}];кто;[{'PRON': 'кто'}]
3709;И кто же ее пригласил?;6;[{'CCONJ': 'и'}, {'PRON': 'кто'}, {'PART': 'же'}, {'PRON': 'она'}, {'VERB': 'пригласить'}, {'PUNCT': '?'}];кто;[{'PRON': 'кто'}]
3715;А ты не знаешь, кто бы мог пойти с Роном?;12;[{'CCONJ': 'а'}, {'PRON': 'ты'}, {'PART': 'не'}, {'VERB': 'знать'}, {'PUNCT': ','}, {'PRON': 'кто'}, {'AUX': 'бы'}, {'VERB': 'мочь'}, {'VERB': 'пойти'}, {'ADP': 'с'}, {'PROPN': 'рон'}, {'PUNCT': '?'}];кто;[{'PRON': 'кто'}]
3717;О-о-о-о… а кто?;5;[{'PROPN': 'о-о-о-о'}, {'PUNCT': '…'}, {'CCONJ': 'а'}, {'PRON': 'кто'}, {'PUNCT': '?'}];кто;[{'PRON': 'кто'}]
3722;Гермиона, а с кем ты идешь на бал?;10;[{'PROPN': 'гермиона'}, {'PUNCT': ','}, {'CCONJ': 'а'}, {'ADP': 'с'}, {'PRON': 'кто'}, {'PRON': 'ты'}, {'VERB': 'идти'}, {'ADP': 'на'}, {'NOUN': 'бал'}, {'PUNCT': '?'}];кто;[{'PRON': 'кто'}]
3734;А с кем ты идешь?;6;[{'CCONJ': 'а'}, {'ADP': 'с'}, {'PRON': 'кто'}, {'PRON': 'ты'}, {'VERB': 'идти'}, {'PUNCT': '?'}];кто;[{'PRON': 'кто'}]
3754;Кто мечтал взять у него автограф?;7;[{'PRON': 'кто'}, {'VERB': 'мечтать'}, {'VERB': 'взять'}, {'ADP': 'у'}, {'PRON': 'он'}, {'NOUN': 'автограф'}, {'PUNCT': '?'}];кто;[{'PRON': 'кто'}]
3755;У кого в спальне стоит его фигурка?;8;[{'ADP': 'у'}, {'PRON': 'кто'}, {'ADP': 'в'}, {'NOUN': 'спальня'}, {'VERB': 'стоить'}, {'DET': 'его'}, {'NOUN': 'фигурка'}, {'PUNCT': '?'}];кто;[{'PRON': 'кто'}]
3812;А вы кто?;4;[{'CCONJ': 'а'}, {'PRON': 'вы'}, {'PRON': 'кто'}, {'PUNCT': '?'}];кто;[{'PRON': 'кто'}]
3855;Кому сдалось помогать Диггори?;5;[{'PRON': 'кто'}, {'VERB': 'сдаться'}, {'VERB': 'помогать'}, {'PROPN': 'диггори'}, {'PUNCT': '?'}];кто;[{'PRON': 'кто'}]
3872;Кто скрывается за грудой мускулов?;6;[{'PRON': 'кто'}, {'VERB': 'скрываться'}, {'ADP': 'за'}, {'NOUN': 'груда'}, {'NOUN': 'мускул'}, {'PUNCT': '?'}];кто;[{'PRON': 'кто'}]
3875;Вы мерзавка, – процедила она, – вам ведь все равно, вы за статью кого угодно продадите, да?;22;[{'PRON': 'вы'}, {'VERB': 'мерзавка'}, {'PUNCT': ','}, {'PUNCT': '–'}, {'VERB': 'процедить'}, {'PRON': 'она'}, {'PUNCT': ','}, {'PUNCT': '–'}, {'PRON': 'вы'}, {'PART': 'ведь'}, {'PRON': 'весь'}, {'ADJ': 'равный'}, {'PUNCT': ','}, {'PRON': 'вы'}, {'ADP': 'за'}, {'NOUN': 'статья'}, {'PRON': 'кто'}, {'ADV': 'угодно'}, {'VERB': 'продать'}, {'PUNCT': ','}, {'PART': 'да'}, {'PUNCT': '?'}];кто;[{'PRON': 'кто'}]
3882;Забаррикадироваться в кабинете и ни с кем не разговаривать?;10;[{'VERB': 'забаррикадироваться'}, {'ADP': 'в'}, {'NOUN': 'кабинет'}, {'CCONJ': 'и'}, {'PART': 'ни'}, {'ADP': 'с'}, {'PRON': 'кто'}, {'PART': 'не'}, {'VERB': 'разговаривать'}, {'PUNCT': '?'}];кто;[{'PRON': 'кто'}]
3897;Э-э-э… это кто же такие?;7;[{'PROPN': 'э-э-э'}, {'PUNCT': '…'}, {'PART': 'это'}, {'PRON': 'кто'}, {'PART': 'же'}, {'DET': 'такой'}, {'PUNCT': '?'}];кто;[{'PRON': 'кто'}]
3898;Миртл… кто кроме гигантского кальмара живет в озере?;10;[{'PROPN': 'миртл'}, {'PUNCT': '…'}, {'PRON': 'кто'}, {'ADP': 'кроме'}, {'ADJ': 'гигантский'}, {'NOUN': 'кальмар'}, {'VERB': 'жить'}, {'ADP': 'в'}, {'NOUN': 'озеро'}, {'PUNCT': '?'}];кто;[{'PRON': 'кто'}]
3931;Поттер, – медленно проговорил он, – а ты случайно не видел, кто вломился в кабинет к Злею?;21;[{'PROPN': 'поттер'}, {'PUNCT': ','}, {'PUNCT': '–'}, {'ADV': 'медленно'}, {'VERB': 'проговорить'}, {'PRON': 'он'}, {'PUNCT': ','}, {'PUNCT': '–'}, {'CCONJ': 'а'}, {'PRON': 'ты'}, {'ADV': 'случайно'}, {'PART': 'не'}, {'VERB': 'видеть'}, {'PUNCT': ','}, {'PRON': 'кто'}, {'VERB': 'вломиться'}, {'ADP': 'в'}, {'NOUN': 'кабинет'}, {'ADP': 'к'}, {'PROPN': 'злеть'}, {'PUNCT': '?'}];кто;[{'PRON': 'кто'}]
3966;Кому это надо?;4;[{'PRON': 'кто'}, {'PRON': 'это'}, {'ADV': 'надо'}, {'PUNCT': '?'}];кто;[{'PRON': 'кто'}]
4031;Ты думаешь, тот, кто создал Знак, украл мою палочку еще в Высшей ложе?;17;[{'PRON': 'ты'}, {'VERB': 'думать'}, {'PUNCT': ','}, {'DET': 'тот'}, {'PUNCT': ','}, {'PRON': 'кто'}, {'VERB': 'создать'}, {'PROPN': 'знак'}, {'PUNCT': ','}, {'VERB': 'украсть'}, {'DET': 'мой'}, {'NOUN': 'палочка'}, {'ADV': 'еще'}, {'ADP': 'в'}, {'ADJ': 'высокий'}, {'NOUN': 'ложа'}, {'PUNCT': '?'}];кто;[{'PRON': 'кто'}]
4032;Кто еще сидел сзади тебя?;6;[{'PRON': 'кто'}, {'ADV': 'еще'}, {'VERB': 'сидеть'}, {'ADV': 'сзади'}, {'PRON': 'ты'}, {'PUNCT': '?'}];кто;[{'PRON': 'кто'}]
4089;Кого нету?;3;[{'PRON': 'кто'}, {'VERB': 'нету'}, {'PUNCT': '?'}];кто;[{'PRON': 'кто'}]
4128;Вы… кто?;4;[{'PRON': 'вы'}, {'PUNCT': '…'}, {'PRON': 'кто'}, {'PUNCT': '?'}];кто;[{'PRON': 'кто'}]
4164;Кого вы шантажируете?;4;[{'PRON': 'кто'}, {'PRON': 'вы'}, {'VERB': 'шантажировать'}, {'PUNCT': '?'}];кто;[{'PRON': 'кто'}]
4222;Присяжные, будьте добры, поднимите руки… кто затюремное заключение?;12;[{'ADJ': 'присяжный'}, {'PUNCT': ','}, {'AUX': 'быть'}, {'ADJ': 'добрый'}, {'PUNCT': ','}, {'VERB': 'поднять'}, {'NOUN': 'рука'}, {'PUNCT': '…'}, {'PRON': 'кто'}, {'VERB': 'затюремный'}, {'NOUN': 'заключение'}, {'PUNCT': '?'}];кто;[{'PRON': 'кто'}]
4230;Вы знаете, кто такой Червехвост?;7;[{'PRON': 'вы'}, {'VERB': 'знать'}, {'PUNCT': ','}, {'PRON': 'кто'}, {'DET': 'такой'}, {'PROPN': 'червехвост'}, {'PUNCT': '?'}];кто;[{'PRON': 'кто'}]
4260;Кому нужны эти предубеждения?;5;[{'PRON': 'кто'}, {'ADJ': 'нужный'}, {'DET': 'этот'}, {'NOUN': 'предубеждение'}, {'PUNCT': '?'}];кто;[{'PRON': 'кто'}]
4351;Кому же?;3;[{'PRON': 'кто'}, {'PART': 'же'}, {'PUNCT': '?'}];кто;[{'PRON': 'кто'}]
4416;Тех, кто не был в Азкабане?;8;[{'DET': 'тот'}, {'PUNCT': ','}, {'PRON': 'кто'}, {'PART': 'не'}, {'AUX': 'быть'}, {'ADP': 'в'}, {'PROPN': 'азкабан'}, {'PUNCT': '?'}];кто;[{'PRON': 'кто'}]
4423;А кто поместил в Кубок заявку от твоего имени и от другой школы?;14;[{'CCONJ': 'а'}, {'PRON': 'кто'}, {'VERB': 'поместить'}, {'ADP': 'в'}, {'PROPN': 'кубок'}, {'NOUN': 'заявка'}, {'ADP': 'от'}, {'DET': 'твой'}, {'NOUN': 'имя'}, {'CCONJ': 'и'}, {'ADP': 'от'}, {'ADJ': 'другой'}, {'NOUN': 'школа'}, {'PUNCT': '?'}];кто;[{'PRON': 'кто'}]
4425;Я. Кто надоумил Огрида показать тебе драконов?;9;[{'PRON': 'я'}, {'PUNCT': '.'}, {'PRON': 'кто'}, {'VERB': 'надоумить'}, {'PROPN': 'огрид'}, {'VERB': 'показать'}, {'PRON': 'ты'}, {'NOUN': 'дракон'}, {'PUNCT': '?'}];кто;[{'PRON': 'кто'}]
4504;Кто там?;3;[{'PRON': 'кто'}, {'ADV': 'там'}, {'PUNCT': '?'}];кто;[{'PRON': 'кто'}]
4505;С кем?;3;[{'ADP': 'с'}, {'PRON': 'кто'}, {'PUNCT': '?'}];кто;[{'PRON': 'кто'}]
4511;Ну а сейчас… кто хочет глянуть на последнего дракла?;11;[{'PART': 'ну'}, {'CCONJ': 'а'}, {'ADV': 'сейчас'}, {'PUNCT': '…'}, {'PRON': 'кто'}, {'VERB': 'хотеть'}, {'VERB': 'глянуть'}, {'ADP': 'на'}, {'ADJ': 'последний'}, {'NOUN': 'дракл'}, {'PUNCT': '?'}];кто;[{'PRON': 'кто'}]
4534;Кого вы шантажировали?;4;[{'PRON': 'кто'}, {'PRON': 'вы'}, {'VERB': 'шантажировать'}, {'PUNCT': '?'}];кто;[{'PRON': 'кто'}]
4584;Ладно, лучше расскажи, кого вы отметелили сегодня?;10;[{'PART': 'ладно'}, {'PUNCT': ','}, {'ADV': 'хороший'}, {'VERB': 'рассказать'}, {'PUNCT': ','}, {'PRON': 'кто'}, {'PRON': 'вы'}, {'VERB': 'отметелить'}, {'ADV': 'сегодня'}, {'PUNCT': '?'}];кто;[{'PRON': 'кто'}]
4601;Кто такой Седрик?;4;[{'PRON': 'кто'}, {'DET': 'такой'}, {'PROPN': 'седрик'}, {'PUNCT': '?'}];кто;[{'PRON': 'кто'}]
4619;Конечно, я знаю Думбльдора, кто же не знает Думбльдора?;12;[{'ADV': 'конечно'}, {'PUNCT': ','}, {'PRON': 'я'}, {'VERB': 'знать'}, {'PROPN': 'думбльдор'}, {'PUNCT': ','}, {'PRON': 'кто'}, {'PART': 'же'}, {'PART': 'не'}, {'VERB': 'знать'}, {'PROPN': 'думбльдор'}, {'PUNCT': '?'}];кто;[{'PRON': 'кто'}]
4648;Кто это был, сынок?;6;[{'PRON': 'кто'}, {'PRON': 'это'}, {'AUX': 'быть'}, {'PUNCT': ','}, {'VERB': 'сынок'}, {'PUNCT': '?'}];кто;[{'PRON': 'кто'}]
4661;От кого вообще эти проклятущие совы?;7;[{'ADP': 'от'}, {'PRON': 'кто'}, {'ADV': 'вообще'}, {'DET': 'этот'}, {'ADJ': 'проклятущий'}, {'NOUN': 'сова'}, {'PUNCT': '?'}];кто;[{'PRON': 'кто'}]
4673;Де… кто?;4;[{'PART': 'де'}, {'PUNCT': '…'}, {'PRON': 'кто'}, {'PUNCT': '?'}];кто;[{'PRON': 'кто'}]
4675;И кто это такие, дементоры?;7;[{'CCONJ': 'и'}, {'PRON': 'кто'}, {'PRON': 'это'}, {'DET': 'такой'}, {'PUNCT': ','}, {'ADJ': 'дементор'}, {'PUNCT': '?'}];кто;[{'PRON': 'кто'}]
4687;Но кто такие эти… дементы?;7;[{'CCONJ': 'но'}, {'PRON': 'кто'}, {'DET': 'такой'}, {'DET': 'этот'}, {'PUNCT': '…'}, {'NOUN': 'демент'}, {'PUNCT': '?'}];кто;[{'PRON': 'кто'}]
4708;Кто их послал?;4;[{'PRON': 'кто'}, {'PRON': 'они'}, {'VERB': 'послать'}, {'PUNCT': '?'}];кто;[{'PRON': 'кто'}]
4715;Кто – он?;4;[{'PRON': 'кто'}, {'PUNCT': '–'}, {'PRON': 'он'}, {'PUNCT': '?'}];кто;[{'PRON': 'кто'}]
4726;Кто прислал вопиллер?;4;[{'PRON': 'кто'}, {'VERB': 'прислать'}, {'NOUN': 'вопиллер'}, {'PUNCT': '?'}];кто;[{'PRON': 'кто'}]
4750;А может, у кого с собой признавалиум?;9;[{'PROPN': 'а'}, {'VERB': 'мочь'}, {'PUNCT': ','}, {'ADP': 'у'}, {'PRON': 'кто'}, {'ADP': 'с'}, {'PRON': 'себя'}, {'NOUN': 'признавалиум'}, {'PUNCT': '?'}];кто;[{'PRON': 'кто'}]
4755;Это кто остался без задницы?;6;[{'PRON': 'это'}, {'PRON': 'кто'}, {'VERB': 'остаться'}, {'ADP': 'без'}, {'NOUN': 'задница'}, {'PUNCT': '?'}];кто;[{'PRON': 'кто'}]
4808;КТО ВЕРНУЛ ФИЛОСОФСКИЙ КАМЕНЬ?;5;[{'PROPN': 'кто'}, {'VERB': 'вернуть'}, {'NOUN': 'философский'}, {'NOUN': 'камень'}, {'PUNCT': '?'}];кто;[{'PROPN': 'кто'}]
4809;КТО УНИЧТОЖИЛ РЕДДЛЯ?;4;[{'NOUN': 'кто'}, {'VERB': 'уничтожить'}, {'PROPN': 'реддля'}, {'PUNCT': '?'}];кто;[{'NOUN': 'кто'}]
4810;КТО ВСЕХ СПАСАЛ ОТ ДЕМЕНТОРОВ?;6;[{'NOUN': 'кто'}, {'PROPN': 'весь'}, {'VERB': 'спасать'}, {'ADP': 'от'}, {'NOUN': 'дементор'}, {'PUNCT': '?'}];кто;[{'NOUN': 'кто'}]
4811;КТО СРАЖАЛСЯ С ДРАКОНАМИ, СФИНКСАМИ И ВСЯКОЙ НЕЧИСТЬЮ?;10;[{'PROPN': 'кто'}, {'VERB': 'сражаться'}, {'ADP': 'с'}, {'PROPN': 'дракон'}, {'PUNCT': ','}, {'PROPN': 'сфинкс'}, {'CCONJ': 'и'}, {'PROPN': 'всякой'}, {'PROPN': 'нечисть'}, {'PUNCT': '?'}];кто;[{'PROPN': 'кто'}]
4812;КТО ВИДЕЛ, КАКОНВЕРНУЛСЯ?;5;[{'PART': 'кто'}, {'VERB': 'видеть'}, {'PUNCT': ','}, {'PROPN': 'каконвернуться'}, {'PUNCT': '?'}];кто;[{'PART': 'кто'}]
4813;КТО ОТ НЕГО СБЕЖАЛ?;5;[{'VERB': 'кто'}, {'ADP': 'от'}, {'ADP': 'него'}, {'VERB': 'сбежать'}, {'PUNCT': '?'}];кто;[{'VERB': 'кто'}]
4820;Кто именно?;3;[{'PRON': 'кто'}, {'PART': 'именно'}, {'PUNCT': '?'}];кто;[{'PRON': 'кто'}]
4857;Кому нужна такая известность?;5;[{'PRON': 'кто'}, {'ADJ': 'нужный'}, {'DET': 'такой'}, {'NOUN': 'известность'}, {'PUNCT': '?'}];кто;[{'PRON': 'кто'}]
4858;Кстати, это кто набросал перед кухней навозных бомб?;10;[{'ADV': 'кстати'}, {'PUNCT': ','}, {'PART': 'это'}, {'PRON': 'кто'}, {'VERB': 'набросать'}, {'ADP': 'перед'}, {'NOUN': 'кухня'}, {'NOUN': 'навозных'}, {'NOUN': 'бомба'}, {'PUNCT': '?'}];кто;[{'PRON': 'кто'}]
4860;Кто такой Шкверчок?;4;[{'PRON': 'кто'}, {'DET': 'такой'}, {'PROPN': 'шкверчок'}, {'PUNCT': '?'}];кто;[{'PRON': 'кто'}]
4902;Кто у него есть кроме меня?;7;[{'PRON': 'кто'}, {'ADP': 'у'}, {'PRON': 'он'}, {'VERB': 'быть'}, {'ADP': 'кроме'}, {'PRON': 'я'}, {'PUNCT': '?'}];кто;[{'PRON': 'кто'}]
5037;И кто вы такая?;5;[{'CCONJ': 'и'}, {'PRON': 'кто'}, {'PRON': 'вы'}, {'DET': 'такой'}, {'PUNCT': '?'}];кто;[{'PRON': 'кто'}]
5094;А мы с Фредом кто?;6;[{'CCONJ': 'а'}, {'PRON': 'мы'}, {'ADP': 'с'}, {'PROPN': 'фред'}, {'PRON': 'кто'}, {'PUNCT': '?'}];кто;[{'PRON': 'кто'}]
5142;Кто здесь?;3;[{'PRON': 'кто'}, {'ADV': 'здесь'}, {'PUNCT': '?'}];кто;[{'PRON': 'кто'}]
5149;Кто п-п-позаботится о Роне и Джинни?;7;[{'PRON': 'кто'}, {'VERB': 'п-п-позаботиться'}, {'ADP': 'о'}, {'PROPN': 'рон'}, {'CCONJ': 'и'}, {'PROPN': 'джинни'}, {'PUNCT': '?'}];кто;[{'PRON': 'кто'}]
5172;Да, и угадайте, кто от «Слизерина»?;11;[{'PART': 'да'}, {'PUNCT': ','}, {'CCONJ': 'и'}, {'VERB': 'угадать'}, {'PUNCT': ','}, {'PRON': 'кто'}, {'ADP': 'от'}, {'PUNCT': '«'}, {'PROPN': 'слизерин'}, {'PUNCT': '»'}, {'PUNCT': '?'}];кто;[{'PRON': 'кто'}]
5174;А кто от «Хуффльпуффа»?;7;[{'CCONJ': 'а'}, {'PRON': 'кто'}, {'ADP': 'от'}, {'PUNCT': '«'}, {'PROPN': 'хуффльпуфф'}, {'PUNCT': '»'}, {'PUNCT': '?'}];кто;[{'PRON': 'кто'}]
5210;Того, кто запряжен в карету?;7;[{'PRON': 'тот'}, {'PUNCT': ','}, {'PRON': 'кто'}, {'VERB': 'запрячь'}, {'ADP': 'в'}, {'NOUN': 'карета'}, {'PUNCT': '?'}];кто;[{'PRON': 'кто'}]
5299;Кто сказал?;3;[{'PRON': 'кто'}, {'VERB': 'сказать'}, {'PUNCT': '?'}];кто;[{'PRON': 'кто'}]
5363;Кто, по вашему мнению, станет на вас нападать?;11;[{'PRON': 'кто'}, {'PUNCT': ','}, {'ADP': 'по'}, {'DET': 'ваш'}, {'NOUN': 'мнение'}, {'PUNCT': ','}, {'VERB': 'стать'}, {'ADP': 'на'}, {'PRON': 'вы'}, {'VERB': 'нападать'}, {'PUNCT': '?'}];кто;[{'PRON': 'кто'}]
5386;Да кто ему поверит?;5;[{'CCONJ': 'да'}, {'PRON': 'кто'}, {'PRON': 'он'}, {'VERB': 'поверить'}, {'PUNCT': '?'}];кто;[{'PRON': 'кто'}]
5421;Она чуть ли не единственная, кто мне верит, – обязательно было ее обижать?;16;[{'PRON': 'она'}, {'ADV': 'чуть'}, {'PART': 'ли'}, {'PART': 'не'}, {'ADJ': 'единственный'}, {'PUNCT': ','}, {'PRON': 'кто'}, {'PRON': 'я'}, {'VERB': 'верить'}, {'PUNCT': ','}, {'PUNCT': '–'}, {'ADV': 'обязательно'}, {'AUX': 'быть'}, {'PRON': 'она'}, {'VERB': 'обижать'}, {'PUNCT': '?'}];кто;[{'PRON': 'кто'}]
5455;От кого ты тут прячешься?;6;[{'ADP': 'от'}, {'PRON': 'кто'}, {'PRON': 'ты'}, {'ADV': 'тут'}, {'VERB': 'прятаться'}, {'PUNCT': '?'}];кто;[{'PRON': 'кто'}]
5519;Кому пришло в голову наложить летучее заклятие на трухлявое полено?;11;[{'PRON': 'кто'}, {'VERB': 'прийти'}, {'ADP': 'в'}, {'NOUN': 'голова'}, {'VERB': 'наложить'}, {'ADJ': 'летучий'}, {'NOUN': 'заклятие'}, {'ADP': 'на'}, {'ADJ': 'трухлявый'}, {'NOUN': 'полено'}, {'PUNCT': '?'}];кто;[{'PRON': 'кто'}]
5604;От кого?;3;[{'ADP': 'от'}, {'PRON': 'кто'}, {'PUNCT': '?'}];кто;[{'PRON': 'кто'}]
5626;А про кого тогда?;5;[{'CCONJ': 'а'}, {'ADP': 'про'}, {'PRON': 'кто'}, {'ADV': 'тогда'}, {'PUNCT': '?'}];кто;[{'PRON': 'кто'}]
5661;Но кто?;3;[{'CCONJ': 'но'}, {'PRON': 'кто'}, {'PUNCT': '?'}];кто;[{'PRON': 'кто'}]
5669;Так кто, вы сказали, придет?;8;[{'ADV': 'так'}, {'PRON': 'кто'}, {'PUNCT': ','}, {'PRON': 'вы'}, {'VERB': 'сказать'}, {'PUNCT': ','}, {'VERB': 'прийти'}, {'PUNCT': '?'}];кто;[{'PRON': 'кто'}]
5678;А ты вообще кто?;5;[{'CCONJ': 'а'}, {'PRON': 'ты'}, {'ADV': 'вообще'}, {'PRON': 'кто'}, {'PUNCT': '?'}];кто;[{'PRON': 'кто'}]
5695;Кто такие гелеопаты?;4;[{'PRON': 'кто'}, {'DET': 'такой'}, {'NOUN': 'гелеопат'}, {'PUNCT': '?'}];кто;[{'PRON': 'кто'}]
5708;А кто нудел?;4;[{'CCONJ': 'а'}, {'PRON': 'кто'}, {'VERB': 'нудеть'}, {'PUNCT': '?'}];кто;[{'PRON': 'кто'}]
5709;Кто плохо воспринял?;4;[{'PRON': 'кто'}, {'ADV': 'плохо'}, {'VERB': 'воспринять'}, {'PUNCT': '?'}];кто;[{'PRON': 'кто'}]
5717;Это кто хотел пробраться к нам в спальню?;9;[{'PRON': 'это'}, {'PRON': 'кто'}, {'VERB': 'хотеть'}, {'VERB': 'пробраться'}, {'ADP': 'к'}, {'PRON': 'мы'}, {'ADP': 'в'}, {'NOUN': 'спальня'}, {'PUNCT': '?'}];кто;[{'PRON': 'кто'}]
5736;Кто может вылечить сову?;5;[{'PRON': 'кто'}, {'VERB': 'мочь'}, {'VERB': 'вылечить'}, {'NOUN': 'сова'}, {'PUNCT': '?'}];кто;[{'PRON': 'кто'}]
5749;А от кого, кстати, письмо?;8;[{'CCONJ': 'а'}, {'ADP': 'от'}, {'PRON': 'кто'}, {'PUNCT': ','}, {'ADV': 'кстати'}, {'PUNCT': ','}, {'NOUN': 'письмо'}, {'PUNCT': '?'}];кто;[{'PRON': 'кто'}]
5767;Но, профессор, кто вас обижает?;8;[{'CCONJ': 'но'}, {'PUNCT': ','}, {'NOUN': 'профессор'}, {'PUNCT': ','}, {'PRON': 'кто'}, {'PRON': 'вы'}, {'VERB': 'обижать'}, {'PUNCT': '?'}];кто;[{'PRON': 'кто'}]
5777;А кто нас подслушал?;5;[{'CCONJ': 'а'}, {'PRON': 'кто'}, {'PRON': 'мы'}, {'VERB': 'подслушать'}, {'PUNCT': '?'}];кто;[{'PRON': 'кто'}]
5833;У кого оно сейчас?;5;[{'ADP': 'у'}, {'PRON': 'кто'}, {'PRON': 'оно'}, {'ADV': 'сейчас'}, {'PUNCT': '?'}];кто;[{'PRON': 'кто'}]
5923;Это кто вам сказал?;5;[{'PRON': 'это'}, {'PRON': 'кто'}, {'PRON': 'вы'}, {'VERB': 'сказать'}, {'PUNCT': '?'}];кто;[{'PRON': 'кто'}]
5924;С кем вы говорили?;5;[{'ADP': 'с'}, {'PRON': 'кто'}, {'PRON': 'вы'}, {'VERB': 'говорить'}, {'PUNCT': '?'}];кто;[{'PRON': 'кто'}]
6004;Кто на тебя напал?;5;[{'PRON': 'кто'}, {'ADP': 'на'}, {'PRON': 'ты'}, {'VERB': 'напасть'}, {'PUNCT': '?'}];кто;[{'PRON': 'кто'}]
6006;Э-э… я, может, невежа, – уставившись на нее, сказал Огрид, – но все одно спрошу: вы, Мерлин побери, кто?;29;[{'PROPN': 'э-э'}, {'PUNCT': '…'}, {'PRON': 'я'}, {'PUNCT': ','}, {'VERB': 'мочь'}, {'PUNCT': ','}, {'NOUN': 'невежа'}, {'PUNCT': ','}, {'PUNCT': '–'}, {'VERB': 'уставиться'}, {'ADP': 'на'}, {'PRON': 'она'}, {'PUNCT': ','}, {'VERB': 'сказать'}, {'PROPN': 'огрид'}, {'PUNCT': ','}, {'PUNCT': '–'}, {'CCONJ': 'но'}, {'DET': 'весь'}, {'DET': 'один'}, {'VERB': 'спросить'}, {'PUNCT': ':'}, {'PRON': 'вы'}, {'PUNCT': ','}, {'PROPN': 'мерлин'}, {'ADV': 'побери'}, {'PUNCT': ','}, {'PRON': 'кто'}, {'PUNCT': '?'}];кто;[{'PRON': 'кто'}]
6028;Кого он там держит?;5;[{'PRON': 'кто'}, {'PRON': 'он'}, {'ADV': 'там'}, {'VERB': 'держать'}, {'PUNCT': '?'}];кто;[{'PRON': 'кто'}]
6031;Кто больше уважает темноту?;5;[{'PRON': 'кто'}, {'ADV': 'большой'}, {'VERB': 'уважать'}, {'NOUN': 'темнота'}, {'PUNCT': '?'}];кто;[{'PRON': 'кто'}]
6032;Кто, он сказал, уважает темноту?;8;[{'PRON': 'кто'}, {'PUNCT': ','}, {'PRON': 'он'}, {'VERB': 'сказать'}, {'PUNCT': ','}, {'VERB': 'уважать'}, {'NOUN': 'темнота'}, {'PUNCT': '?'}];кто;[{'PRON': 'кто'}]
6039;Кто это делает?;4;[{'PRON': 'кто'}, {'PRON': 'это'}, {'VERB': 'делать'}, {'PUNCT': '?'}];кто;[{'PRON': 'кто'}]
6040;Кто его ест?;4;[{'PRON': 'кто'}, {'PRON': 'он'}, {'VERB': 'есть'}, {'PUNCT': '?'}];кто;[{'PRON': 'кто'}]
6061;Его авторство не оставляло сомнений: кто еще мог подвесить к потолку сотню золотых шаров, с которых смотрела сотня лиц Гарри?;23;[{'DET': 'его'}, {'NOUN': 'авторство'}, {'PART': 'не'}, {'VERB': 'оставлять'}, {'NOUN': 'сомнение'}, {'PUNCT': ':'}, {'PRON': 'кто'}, {'ADV': 'еще'}, {'VERB': 'мочь'}, {'VERB': 'подвесить'}, {'ADP': 'к'}, {'NOUN': 'потолок'}, {'NOUN': 'сотня'}, {'ADJ': 'золотой'}, {'NOUN': 'шар'}, {'PUNCT': ','}, {'ADP': 'с'}, {'PRON': 'который'}, {'VERB': 'смотреть'}, {'NOUN': 'сотня'}, {'NOUN': 'лицо'}, {'PROPN': 'гарри'}, {'PUNCT': '?'}];кто;[{'PRON': 'кто'}]
6089;Вот именно, – с некоторым отчаянием поддержал его Гарри, – кто?;14;[{'PART': 'вот'}, {'PART': 'именно'}, {'PUNCT': ','}, {'PUNCT': '–'}, {'ADP': 'с'}, {'DET': 'некоторый'}, {'NOUN': 'отчаяние'}, {'VERB': 'поддержать'}, {'PRON': 'он'}, {'PROPN': 'гарри'}, {'PUNCT': ','}, {'PUNCT': '–'}, {'PRON': 'кто'}, {'PUNCT': '?'}];кто;[{'PRON': 'кто'}]
6091;А кто бы знал?;5;[{'CCONJ': 'а'}, {'PRON': 'кто'}, {'AUX': 'бы'}, {'VERB': 'знать'}, {'PUNCT': '?'}];кто;[{'PRON': 'кто'}]
6097;А кому, собственно, предназначается этот роман?;9;[{'CCONJ': 'а'}, {'PRON': 'кто'}, {'PUNCT': ','}, {'ADV': 'собственно'}, {'PUNCT': ','}, {'VERB': 'предназначаться'}, {'DET': 'этот'}, {'NOUN': 'роман'}, {'PUNCT': '?'}];кто;[{'PRON': 'кто'}]
6128;Кто меня звал?;4;[{'PRON': 'кто'}, {'PRON': 'я'}, {'VERB': 'звать'}, {'PUNCT': '?'}];кто;[{'PRON': 'кто'}]
6145;А от кого?;4;[{'CCONJ': 'а'}, {'ADP': 'от'}, {'PRON': 'кто'}, {'PUNCT': '?'}];кто;[{'PRON': 'кто'}]
6226;А это для кого?;5;[{'CCONJ': 'а'}, {'PRON': 'это'}, {'ADP': 'для'}, {'PRON': 'кто'}, {'PUNCT': '?'}];кто;[{'PRON': 'кто'}]
6269;А ты кого навещаешь?;5;[{'CCONJ': 'а'}, {'PRON': 'ты'}, {'PRON': 'кто'}, {'VERB': 'навещать'}, {'PUNCT': '?'}];кто;[{'PRON': 'кто'}]
6296;А кто будет давать мне уроки?;7;[{'CCONJ': 'а'}, {'PRON': 'кто'}, {'AUX': 'быть'}, {'VERB': 'давать'}, {'PRON': 'я'}, {'NOUN': 'урок'}, {'PUNCT': '?'}];кто;[{'PRON': 'кто'}]
6486;А не проще прямо спросить, кто мне нравится больше – ты или она?;15;[{'CCONJ': 'а'}, {'PART': 'не'}, {'ADJ': 'проще'}, {'ADV': 'прямо'}, {'VERB': 'спросить'}, {'PUNCT': ','}, {'PRON': 'кто'}, {'PRON': 'я'}, {'VERB': 'нравиться'}, {'ADV': 'большой'}, {'PUNCT': '–'}, {'PRON': 'ты'}, {'CCONJ': 'или'}, {'PRON': 'она'}, {'PUNCT': '?'}];кто;[{'PRON': 'кто'}]
6494;Ты к кому?;4;[{'PRON': 'ты'}, {'ADP': 'к'}, {'PRON': 'кто'}, {'PUNCT': '?'}];кто;[{'PRON': 'кто'}]
6554;И кто же дал вам право делать подобные заявления?;10;[{'CCONJ': 'и'}, {'PRON': 'кто'}, {'PART': 'же'}, {'VERB': 'дать'}, {'PRON': 'вы'}, {'NOUN': 'право'}, {'VERB': 'делать'}, {'ADJ': 'подобный'}, {'NOUN': 'заявление'}, {'PUNCT': '?'}];кто;[{'PRON': 'кто'}]
6583;Кто «она», Добби?;7;[{'PRON': 'кто'}, {'PUNCT': '«'}, {'PRON': 'она'}, {'PUNCT': '»'}, {'PUNCT': ','}, {'PROPN': 'добби'}, {'PUNCT': '?'}];кто;[{'PRON': 'кто'}]
6603;И кто там был?;5;[{'CCONJ': 'и'}, {'PRON': 'кто'}, {'ADV': 'там'}, {'VERB': 'быть'}, {'PUNCT': '?'}];кто;[{'PRON': 'кто'}]
6730;А с кем?;4;[{'CCONJ': 'а'}, {'ADP': 'с'}, {'PRON': 'кто'}, {'PUNCT': '?'}];кто;[{'PRON': 'кто'}]
6814;Кто, Кхембридж?;4;[{'PRON': 'кто'}, {'PUNCT': ','}, {'PROPN': 'кхембридж'}, {'PUNCT': '?'}];кто;[{'PRON': 'кто'}]
6832;Огрид, – спросила она шепотом, едва различимым на фоне громкого рокота, – он кто?;18;[{'PROPN': 'огрид'}, {'PUNCT': ','}, {'PUNCT': '–'}, {'VERB': 'спросить'}, {'PRON': 'она'}, {'NOUN': 'шепот'}, {'PUNCT': ','}, {'PART': 'едва'}, {'VERB': 'различимым'}, {'ADP': 'на'}, {'NOUN': 'фон'}, {'ADJ': 'громкий'}, {'NOUN': 'рокот'}, {'PUNCT': ','}, {'PUNCT': '–'}, {'PRON': 'он'}, {'PRON': 'кто'}, {'PUNCT': '?'}];кто;[{'PRON': 'кто'}]
6990;Кто здесь?;3;[{'PRON': 'кто'}, {'ADV': 'здесь'}, {'PUNCT': '?'}];кто;[{'PRON': 'кто'}]
7002;С кем разговаривал?;4;[{'ADP': 'с'}, {'PRON': 'кто'}, {'VERB': 'разговаривать'}, {'PUNCT': '?'}];кто;[{'PRON': 'кто'}]
7004;С кем?;3;[{'ADP': 'с'}, {'PRON': 'кто'}, {'PUNCT': '?'}];кто;[{'PRON': 'кто'}]
7022;Итак… с кем разговаривал Поттер?;7;[{'ADV': 'итак'}, {'PUNCT': '…'}, {'ADP': 'с'}, {'PRON': 'кто'}, {'VERB': 'разговаривать'}, {'PROPN': 'поттер'}, {'PUNCT': '?'}];кто;[{'PRON': 'кто'}]
7047;Кто ты?;3;[{'PRON': 'кто'}, {'PRON': 'ты'}, {'PUNCT': '?'}];кто;[{'PRON': 'кто'}]
7048;Я спросил, кто ты, женщина?;8;[{'PRON': 'я'}, {'VERB': 'спросить'}, {'PUNCT': ','}, {'PRON': 'кто'}, {'PRON': 'ты'}, {'PUNCT': ','}, {'NOUN': 'женщина'}, {'PUNCT': '?'}];кто;[{'PRON': 'кто'}]
7069;Кто такой Гурп?;4;[{'PRON': 'кто'}, {'DET': 'такой'}, {'PROPN': 'гурп'}, {'PUNCT': '?'}];кто;[{'PRON': 'кто'}]
7098;Кто там?;3;[{'PRON': 'кто'}, {'ADV': 'там'}, {'PUNCT': '?'}];кто;[{'PRON': 'кто'}]
7251;А кто его слышал?;5;[{'CCONJ': 'а'}, {'PRON': 'кто'}, {'PRON': 'он'}, {'VERB': 'слышать'}, {'PUNCT': '?'}];кто;[{'PRON': 'кто'}]
7269;Кто сейчас преподает прорицание?;5;[{'PRON': 'кто'}, {'ADV': 'сейчас'}, {'VERB': 'преподавать'}, {'VERB': 'прорицание'}, {'PUNCT': '?'}];кто;[{'PRON': 'кто'}]
7311;Кто может знать лучше тебя?;6;[{'PRON': 'кто'}, {'VERB': 'мочь'}, {'VERB': 'знать'}, {'ADV': 'хороший'}, {'PRON': 'ты'}, {'PUNCT': '?'}];кто;[{'PRON': 'кто'}]
7322;А с кем она встречается?;6;[{'CCONJ': 'а'}, {'ADP': 'с'}, {'PRON': 'кто'}, {'PRON': 'она'}, {'VERB': 'встречаться'}, {'PUNCT': '?'}];кто;[{'PRON': 'кто'}]
7340;Кто здесь?;3;[{'PRON': 'кто'}, {'ADV': 'здесь'}, {'PUNCT': '?'}];кто;[{'PRON': 'кто'}]
7474;Стать хозяином и отвечать за того, кто предал Сириуса?;11;[{'VERB': 'стать'}, {'NOUN': 'хозяин'}, {'CCONJ': 'и'}, {'VERB': 'отвечать'}, {'ADP': 'за'}, {'DET': 'тот'}, {'PUNCT': ','}, {'PRON': 'кто'}, {'VERB': 'предать'}, {'PROPN': 'сириус'}, {'PUNCT': '?'}];кто;[{'PRON': 'кто'}]
7492;Это кто?;3;[{'PRON': 'это'}, {'PRON': 'кто'}, {'PUNCT': '?'}];кто;[{'PRON': 'кто'}]
7533;Кто здесь?;3;[{'PRON': 'кто'}, {'ADV': 'здесь'}, {'PUNCT': '?'}];кто;[{'PRON': 'кто'}]
7570;О ком вы?;4;[{'INTJ': 'о'}, {'PRON': 'кто'}, {'PRON': 'вы'}, {'PUNCT': '?'}];кто;[{'PRON': 'кто'}]
7610;Кто знает?;3;[{'PRON': 'кто'}, {'VERB': 'знать'}, {'PUNCT': '?'}];кто;[{'PRON': 'кто'}]
7622;Кстати, кто поставил тебе фингал, Грейнджер?;9;[{'ADV': 'кстати'}, {'PUNCT': ','}, {'PRON': 'кто'}, {'VERB': 'поставить'}, {'PRON': 'ты'}, {'NOUN': 'фингал'}, {'PUNCT': ','}, {'PROPN': 'грейнджер'}, {'PUNCT': '?'}];кто;[{'PRON': 'кто'}]
7711;Дивангард – Кто это – профессор Дивангард?;8;[{'PROPN': 'дивангард'}, {'PUNCT': '–'}, {'PRON': 'кто'}, {'PRON': 'это'}, {'PUNCT': '–'}, {'NOUN': 'профессор'}, {'PROPN': 'дивангард'}, {'PUNCT': '?'}];кто;[{'PRON': 'кто'}]
7733;Кого он еще пригласил?;5;[{'PRON': 'кто'}, {'PRON': 'он'}, {'ADV': 'еще'}, {'VERB': 'пригласить'}, {'PUNCT': '?'}];кто;[{'PRON': 'кто'}]
7741;Если вдуматься, кто он вообще такой?;8;[{'SCONJ': 'если'}, {'VERB': 'вдуматься'}, {'PUNCT': ','}, {'PRON': 'кто'}, {'PRON': 'он'}, {'ADV': 'вообще'}, {'DET': 'такой'}, {'PUNCT': '?'}];кто;[{'PRON': 'кто'}]
7752;Кто это тебя?;4;[{'PRON': 'кто'}, {'PRON': 'это'}, {'PRON': 'ты'}, {'PUNCT': '?'}];кто;[{'PRON': 'кто'}]
7848;Кто знает?;3;[{'PRON': 'кто'}, {'VERB': 'знать'}, {'PUNCT': '?'}];кто;[{'PRON': 'кто'}]
7859;Кто это?;3;[{'PRON': 'кто'}, {'PRON': 'это'}, {'PUNCT': '?'}];кто;[{'PRON': 'кто'}]
7869;От кого, скажите на милость?;7;[{'ADP': 'от'}, {'PRON': 'кто'}, {'PUNCT': ','}, {'VERB': 'сказать'}, {'ADP': 'на'}, {'NOUN': 'милость'}, {'PUNCT': '?'}];кто;[{'PRON': 'кто'}]
7885;Да ты знаешь, с кем разговариваешь, паскудное ты мугродье, а?;14;[{'CCONJ': 'да'}, {'PRON': 'ты'}, {'VERB': 'знать'}, {'PUNCT': ','}, {'ADP': 'с'}, {'PRON': 'кто'}, {'NOUN': 'разговаривать'}, {'PUNCT': ','}, {'VERB': 'паскудное'}, {'PRON': 'ты'}, {'VERB': 'мугродие'}, {'PUNCT': ','}, {'CCONJ': 'а'}, {'PUNCT': '?'}];кто;[{'PRON': 'кто'}]
7935;Здорово, кто?;4;[{'ADV': 'здорово'}, {'PUNCT': ','}, {'PRON': 'кто'}, {'PUNCT': '?'}];кто;[{'PRON': 'кто'}]
7984;Кто станет тратить время и силы на изобретение подобных шуточек?;11;[{'PRON': 'кто'}, {'VERB': 'стать'}, {'VERB': 'тратить'}, {'NOUN': 'время'}, {'CCONJ': 'и'}, {'NOUN': 'сила'}, {'ADP': 'на'}, {'NOUN': 'изобретение'}, {'ADJ': 'подобный'}, {'NOUN': 'шуточка'}, {'PUNCT': '?'}];кто;[{'PRON': 'кто'}]
8011;Лиэнн, а она не говорила, кто ей его передал?;12;[{'PROPN': 'лиэнн'}, {'PUNCT': ','}, {'CCONJ': 'а'}, {'PRON': 'она'}, {'PART': 'не'}, {'VERB': 'говорить'}, {'PUNCT': ','}, {'PRON': 'кто'}, {'PRON': 'она'}, {'PRON': 'он'}, {'VERB': 'передать'}, {'PUNCT': '?'}];кто;[{'PRON': 'кто'}]
8050;Кто его записал?;4;[{'PRON': 'кто'}, {'PRON': 'он'}, {'VERB': 'записать'}, {'PUNCT': '?'}];кто;[{'PRON': 'кто'}]
8071;Вы кто?;3;[{'PRON': 'вы'}, {'PRON': 'кто'}, {'PUNCT': '?'}];кто;[{'PRON': 'кто'}]
8167;–Кого угодно!А ты позвал Психуну?;9;[{'PUNCT': '–'}, {'PRON': 'кто'}, {'ADV': 'угодно'}, {'PUNCT': '!'}, {'CCONJ': 'а'}, {'PRON': 'ты'}, {'VERB': 'позвать'}, {'PROPN': 'психуна'}, {'PUNCT': '?'}];кто;[{'PRON': 'кто'}]
8245;Кто будет эгног?;4;[{'PRON': 'кто'}, {'AUX': 'быть'}, {'VERB': 'эгног'}, {'PUNCT': '?'}];кто;[{'PRON': 'кто'}]
8249;Кто такой Уолк?;4;[{'PRON': 'кто'}, {'DET': 'такой'}, {'PROPN': 'уолк'}, {'PUNCT': '?'}];кто;[{'PRON': 'кто'}]
8263;Брось, за кого ты меня принимаешь?;8;[{'PROPN': 'бросить'}, {'PUNCT': ','}, {'ADP': 'за'}, {'PRON': 'кто'}, {'PRON': 'ты'}, {'PRON': 'я'}, {'VERB': 'принимать'}, {'PUNCT': '?'}];кто;[{'PRON': 'кто'}]
8310;Кто же еще?;4;[{'PRON': 'кто'}, {'PART': 'же'}, {'ADV': 'еще'}, {'PUNCT': '?'}];кто;[{'PRON': 'кто'}]
8316;Ронюсик, угадай кто?;5;[{'PROPN': 'ронюсик'}, {'PUNCT': ','}, {'VERB': 'угадать'}, {'PRON': 'кто'}, {'PUNCT': '?'}];кто;[{'PRON': 'кто'}]
8338;А ты кто?;4;[{'CCONJ': 'а'}, {'PRON': 'ты'}, {'PRON': 'кто'}, {'PUNCT': '?'}];кто;[{'PRON': 'кто'}]
8341;Он самый, а кто ж?;7;[{'PRON': 'он'}, {'ADJ': 'самый'}, {'PUNCT': ','}, {'CCONJ': 'а'}, {'PRON': 'кто'}, {'PART': 'ж'}, {'PUNCT': '?'}];кто;[{'PRON': 'кто'}]
8348;А ты кто такой?;5;[{'CCONJ': 'а'}, {'PRON': 'ты'}, {'PRON': 'кто'}, {'DET': 'такой'}, {'PUNCT': '?'}];кто;[{'PRON': 'кто'}]
8370;Итак: третий закон Наглотайса… кто скажет?;9;[{'ADV': 'итак'}, {'PUNCT': ':'}, {'ADJ': 'третий'}, {'NOUN': 'закон'}, {'PROPN': 'наглотайс'}, {'PUNCT': '…'}, {'PRON': 'кто'}, {'VERB': 'сказать'}, {'PUNCT': '?'}];кто;[{'PRON': 'кто'}]
8400;Ты о ком?;4;[{'PRON': 'ты'}, {'ADP': 'о'}, {'PRON': 'кто'}, {'PUNCT': '?'}];кто;[{'PRON': 'кто'}]
8435;Кому нужно убивать Дивангарда?;5;[{'PRON': 'кто'}, {'ADJ': 'нужный'}, {'VERB': 'убивать'}, {'PROPN': 'дивангард'}, {'PUNCT': '?'}];кто;[{'PRON': 'кто'}]
8440;Да кому это в голову взбредет?;7;[{'PART': 'да'}, {'PRON': 'кто'}, {'PRON': 'это'}, {'ADP': 'в'}, {'NOUN': 'голова'}, {'NOUN': 'взбрести'}, {'PUNCT': '?'}];кто;[{'PRON': 'кто'}]
8588;А ты кого ждала?;5;[{'CCONJ': 'а'}, {'PRON': 'ты'}, {'PRON': 'кто'}, {'VERB': 'ждать'}, {'PUNCT': '?'}];кто;[{'PRON': 'кто'}]
8610;И угадайте, кого я там встретил?;8;[{'CCONJ': 'и'}, {'ADV': 'угадайте'}, {'PUNCT': ','}, {'PRON': 'кто'}, {'PRON': 'я'}, {'ADV': 'там'}, {'VERB': 'встретить'}, {'PUNCT': '?'}];кто;[{'PRON': 'кто'}]
8632;А кто это был?;5;[{'CCONJ': 'а'}, {'PRON': 'кто'}, {'PRON': 'это'}, {'AUX': 'быть'}, {'PUNCT': '?'}];кто;[{'PRON': 'кто'}]
8757;…насчет ожерелья… ты вспомнила, кто его тебе дал?;12;[{'PUNCT': '…'}, {'ADP': 'насчет'}, {'NOUN': 'ожерелье'}, {'PUNCT': '…'}, {'PRON': 'ты'}, {'VERB': 'вспомнить'}, {'PUNCT': ','}, {'PRON': 'кто'}, {'PRON': 'он'}, {'PRON': 'ты'}, {'VERB': 'дать'}, {'PUNCT': '?'}];кто;[{'PRON': 'кто'}]
8808;Кто там был?;4;[{'PRON': 'кто'}, {'ADV': 'там'}, {'VERB': 'быть'}, {'PUNCT': '?'}];кто;[{'PRON': 'кто'}]
8817;Я крикнула: «Кто здесь?;7;[{'PRON': 'я'}, {'VERB': 'крикнуть'}, {'PUNCT': ':'}, {'PUNCT': '«'}, {'PRON': 'кто'}, {'ADV': 'здесь'}, {'PUNCT': '?'}];кто;[{'PRON': 'кто'}]
8818;А просто так вы не могли понять, кто это?;11;[{'CCONJ': 'а'}, {'PART': 'просто'}, {'ADV': 'так'}, {'PRON': 'вы'}, {'PART': 'не'}, {'VERB': 'мочь'}, {'VERB': 'понять'}, {'PUNCT': ','}, {'PRON': 'кто'}, {'PRON': 'это'}, {'PUNCT': '?'}];кто;[{'PRON': 'кто'}]
8855;Привлеките всех, кого найдете, из Д. А. Гермиона, контактные галлеоны еще работают, так?;20;[{'PROPN': 'привлеките'}, {'PRON': 'весь'}, {'PUNCT': ','}, {'PRON': 'кто'}, {'VERB': 'найти'}, {'PUNCT': ','}, {'ADP': 'из'}, {'PROPN': 'д'}, {'PUNCT': '.'}, {'PROPN': 'а'}, {'PUNCT': '.'}, {'PROPN': 'гермиона'}, {'PUNCT': ','}, {'ADJ': 'контактный'}, {'NOUN': 'галлеон'}, {'ADV': 'еще'}, {'VERB': 'работать'}, {'PUNCT': ','}, {'ADV': 'так'}, {'PUNCT': '?'}];кто;[{'PRON': 'кто'}]
8937;Кто здесь еще?;4;[{'PRON': 'кто'}, {'ADV': 'здесь'}, {'ADV': 'еще'}, {'PUNCT': '?'}];кто;[{'PRON': 'кто'}]
9004;Джинни, кто еще погиб?;6;[{'PROPN': 'джинни'}, {'PUNCT': ','}, {'PRON': 'кто'}, {'ADV': 'еще'}, {'VERB': 'погибнуть'}, {'PUNCT': '?'}];кто;[{'PRON': 'кто'}]
9018;Которая светит только тому, кто ее держит, помнишь?;11;[{'PRON': 'который'}, {'VERB': 'светить'}, {'PART': 'только'}, {'DET': 'тот'}, {'PUNCT': ','}, {'PRON': 'кто'}, {'PRON': 'она'}, {'VERB': 'держать'}, {'PUNCT': ','}, {'VERB': 'помнить'}, {'PUNCT': '?'}];кто;[{'PRON': 'кто'}]
9019;Они вообще соображают, кому продают товар?;8;[{'PRON': 'они'}, {'ADV': 'вообще'}, {'VERB': 'соображать'}, {'PUNCT': ','}, {'PRON': 'кто'}, {'VERB': 'продавать'}, {'NOUN': 'товар'}, {'PUNCT': '?'}];кто;[{'PRON': 'кто'}]
9056;Но кто это?;4;[{'CCONJ': 'но'}, {'PRON': 'кто'}, {'PRON': 'это'}, {'PUNCT': '?'}];кто;[{'PRON': 'кто'}]
9074;Кто говорит?;3;[{'PRON': 'кто'}, {'VERB': 'говорить'}, {'PUNCT': '?'}];кто;[{'PRON': 'кто'}]
9208;Кто здесь?;3;[{'PRON': 'кто'}, {'ADV': 'здесь'}, {'PUNCT': '?'}];кто;[{'PRON': 'кто'}]
9249;Кто уже вернулся?;4;[{'PRON': 'кто'}, {'ADV': 'уже'}, {'VERB': 'вернуться'}, {'PUNCT': '?'}];кто;[{'PRON': 'кто'}]
9370;А кто это?;4;[{'CCONJ': 'а'}, {'PRON': 'кто'}, {'PRON': 'это'}, {'PUNCT': '?'}];кто;[{'PRON': 'кто'}]
9373;Кто, Грегорович?;4;[{'PRON': 'кто'}, {'PUNCT': ','}, {'PROPN': 'грегорович'}, {'PUNCT': '?'}];кто;[{'PRON': 'кто'}]
9494;Кто этот тип в шолтом?;6;[{'PRON': 'кто'}, {'DET': 'этот'}, {'NOUN': 'тип'}, {'ADP': 'в'}, {'NOUN': 'шолтом'}, {'PUNCT': '?'}];кто;[{'PRON': 'кто'}]
9496;А ты кто?;4;[{'CCONJ': 'а'}, {'PRON': 'ты'}, {'PRON': 'кто'}, {'PUNCT': '?'}];кто;[{'PRON': 'кто'}]
9578;Кто мог его заколдовать?;5;[{'PRON': 'кто'}, {'VERB': 'мочь'}, {'PRON': 'он'}, {'VERB': 'заколдовать'}, {'PUNCT': '?'}];кто;[{'PRON': 'кто'}]
9631;Догадываешься, о ком речь?;6;[{'PROPN': 'догадываться'}, {'PUNCT': ','}, {'ADP': 'о'}, {'PRON': 'кто'}, {'NOUN': 'речь'}, {'PUNCT': '?'}];кто;[{'PRON': 'кто'}]
9632;О ком?;3;[{'INTJ': 'о'}, {'PRON': 'кто'}, {'PUNCT': '?'}];кто;[{'PRON': 'кто'}]
9691;А кто явился?;4;[{'CCONJ': 'а'}, {'PRON': 'кто'}, {'VERB': 'явиться'}, {'PUNCT': '?'}];кто;[{'PRON': 'кто'}]
9739;Кто «она»?;5;[{'PRON': 'кто'}, {'PUNCT': '«'}, {'PRON': 'она'}, {'PUNCT': '»'}, {'PUNCT': '?'}];кто;[{'PRON': 'кто'}]
9749;И кто такие Карроу?;5;[{'CCONJ': 'и'}, {'PRON': 'кто'}, {'DET': 'такой'}, {'PROPN': 'карроу'}, {'PUNCT': '?'}];кто;[{'PRON': 'кто'}]
9780;Кого они ждут, Гарри Поттера?;7;[{'PRON': 'кто'}, {'PRON': 'они'}, {'VERB': 'ждать'}, {'PUNCT': ','}, {'PROPN': 'гарри'}, {'PROPN': 'поттер'}, {'PUNCT': '?'}];кто;[{'PRON': 'кто'}]
9833;У кого есть палочки?;5;[{'ADP': 'у'}, {'PRON': 'кто'}, {'VERB': 'быть'}, {'NOUN': 'палочка'}, {'PUNCT': '?'}];кто;[{'PRON': 'кто'}]
9839;Вы кто?;3;[{'PRON': 'вы'}, {'PRON': 'кто'}, {'PUNCT': '?'}];кто;[{'PRON': 'кто'}]
9841;Кто это был с моей женой?;7;[{'PRON': 'кто'}, {'PRON': 'это'}, {'AUX': 'быть'}, {'ADP': 'с'}, {'DET': 'мой'}, {'NOUN': 'жена'}, {'PUNCT': '?'}];кто;[{'PRON': 'кто'}]
9863;Кто – он?;4;[{'PRON': 'кто'}, {'PUNCT': '–'}, {'PRON': 'он'}, {'PUNCT': '?'}];кто;[{'PRON': 'кто'}]
9880;Кто этот вор, Грегорович?;6;[{'PRON': 'кто'}, {'DET': 'этот'}, {'NOUN': 'вор'}, {'PUNCT': ','}, {'PROPN': 'грегорович'}, {'PUNCT': '?'}];кто;[{'PRON': 'кто'}]
9925;А за кого вы-то двое?;6;[{'CCONJ': 'а'}, {'ADP': 'за'}, {'PRON': 'кто'}, {'NOUN': 'вы-то'}, {'NUM': 'двое'}, {'PUNCT': '?'}];кто;[{'PRON': 'кто'}]
9941;С теми, кто пытался украсть меч?;8;[{'ADP': 'с'}, {'DET': 'тот'}, {'PUNCT': ','}, {'PRON': 'кто'}, {'VERB': 'пытаться'}, {'VERB': 'украсть'}, {'NOUN': 'меч'}, {'PUNCT': '?'}];кто;[{'PRON': 'кто'}]
9960;Это еще кто?;4;[{'PRON': 'это'}, {'ADV': 'еще'}, {'PRON': 'кто'}, {'PUNCT': '?'}];кто;[{'PRON': 'кто'}]
10069;Кто это?;3;[{'PRON': 'кто'}, {'PRON': 'это'}, {'PUNCT': '?'}];кто;[{'PRON': 'кто'}]
10071;Кто этот человек?;4;[{'PRON': 'кто'}, {'DET': 'этот'}, {'NOUN': 'человек'}, {'PUNCT': '?'}];кто;[{'PRON': 'кто'}]
10072;Вы знаете, кто это?;6;[{'PRON': 'вы'}, {'VERB': 'знать'}, {'PUNCT': ','}, {'PRON': 'кто'}, {'PRON': 'это'}, {'PUNCT': '?'}];кто;[{'PRON': 'кто'}]
10076;Кто этот человек?;4;[{'PRON': 'кто'}, {'DET': 'этот'}, {'NOUN': 'человек'}, {'PUNCT': '?'}];кто;[{'PRON': 'кто'}]
10078;Кто это?;3;[{'PRON': 'кто'}, {'PRON': 'это'}, {'PUNCT': '?'}];кто;[{'PRON': 'кто'}]
10149;А кто такой гриффиндорец?;5;[{'CCONJ': 'а'}, {'PRON': 'кто'}, {'DET': 'такой'}, {'NOUN': 'гриффиндорец'}, {'PUNCT': '?'}];кто;[{'PRON': 'кто'}]
10175;Кто ты рядом с мальчиком, который остался жив?;10;[{'PRON': 'кто'}, {'PRON': 'ты'}, {'ADV': 'рядом'}, {'ADP': 'с'}, {'NOUN': 'мальчик'}, {'PUNCT': ','}, {'PRON': 'который'}, {'VERB': 'остаться'}, {'ADJ': 'живой'}, {'PUNCT': '?'}];кто;[{'PRON': 'кто'}]
10176;И кто же не предпочтет его?;7;[{'CCONJ': 'и'}, {'PRON': 'кто'}, {'PART': 'же'}, {'PART': 'не'}, {'VERB': 'предпочесть'}, {'PRON': 'он'}, {'PUNCT': '?'}];кто;[{'PRON': 'кто'}]
10202;Вы видели, кто его вызвал?;7;[{'PRON': 'вы'}, {'VERB': 'видеть'}, {'PUNCT': ','}, {'PRON': 'кто'}, {'PRON': 'он'}, {'VERB': 'вызвать'}, {'PUNCT': '?'}];кто;[{'PRON': 'кто'}]
10233;Кто за то, чтобы навестить Лавгудов?;8;[{'PRON': 'кто'}, {'ADP': 'за'}, {'PRON': 'тот'}, {'PUNCT': ','}, {'SCONJ': 'чтобы'}, {'VERB': 'навестить'}, {'PROPN': 'лавгуд'}, {'PUNCT': '?'}];кто;[{'PRON': 'кто'}]
10241;Кто еще согласится тут жить?;6;[{'PRON': 'кто'}, {'ADV': 'еще'}, {'VERB': 'согласиться'}, {'ADV': 'тут'}, {'VERB': 'жить'}, {'PUNCT': '?'}];кто;[{'PRON': 'кто'}]
10244;Вы кто?;3;[{'PRON': 'вы'}, {'PRON': 'кто'}, {'PUNCT': '?'}];кто;[{'PRON': 'кто'}]
10285;Кто знает?;3;[{'PRON': 'кто'}, {'VERB': 'знать'}, {'PUNCT': '?'}];кто;[{'PRON': 'кто'}]
10288;Кто победил их самих?;5;[{'PRON': 'кто'}, {'VERB': 'победить'}, {'PRON': 'они'}, {'ADJ': 'сам'}, {'PUNCT': '?'}];кто;[{'PRON': 'кто'}]
10290;Кто это – Певереллы?;5;[{'PRON': 'кто'}, {'PRON': 'это'}, {'PUNCT': '–'}, {'PROPN': 'певерелла'}, {'PUNCT': '?'}];кто;[{'PRON': 'кто'}]
10392;Кому бы не хотелось отдохнуть от трудов неправедных?;9;[{'PRON': 'кто'}, {'AUX': 'бы'}, {'PART': 'не'}, {'VERB': 'хотеться'}, {'VERB': 'отдохнуть'}, {'ADP': 'от'}, {'NOUN': 'труд'}, {'NOUN': 'неправедный'}, {'PUNCT': '?'}];кто;[{'PRON': 'кто'}]
10401;Кто ты, лапушка?;5;[{'PRON': 'кто'}, {'PRON': 'ты'}, {'PUNCT': ','}, {'INTJ': 'лапушка'}, {'PUNCT': '?'}];кто;[{'PRON': 'кто'}]
10407;А тебе известно, кто любит называть Черного Лорда по имени, Уизли?;14;[{'CCONJ': 'а'}, {'PRON': 'ты'}, {'ADJ': 'известный'}, {'PUNCT': ','}, {'PRON': 'кто'}, {'VERB': 'любить'}, {'VERB': 'называть'}, {'ADJ': 'черный'}, {'PROPN': 'лорд'}, {'ADP': 'по'}, {'NOUN': 'имя'}, {'PUNCT': ','}, {'PROPN': 'уизли'}, {'PUNCT': '?'}];кто;[{'PRON': 'кто'}]
10417;Кто твой отец?;4;[{'PRON': 'кто'}, {'DET': 'твой'}, {'NOUN': 'отец'}, {'PUNCT': '?'}];кто;[{'PRON': 'кто'}]
10427;Кто здесь главный?;4;[{'PRON': 'кто'}, {'ADV': 'здесь'}, {'ADJ': 'главный'}, {'PUNCT': '?'}];кто;[{'PRON': 'кто'}]
10435;Кто вы?;3;[{'PRON': 'кто'}, {'PRON': 'вы'}, {'PUNCT': '?'}];кто;[{'PRON': 'кто'}]
10442;Надеюсь, мы не забудем, кто на самом деле поймал Поттера?;13;[{'VERB': 'надеяться'}, {'PUNCT': ','}, {'PRON': 'мы'}, {'PART': 'не'}, {'VERB': 'забыть'}, {'PUNCT': ','}, {'PRON': 'кто'}, {'ADP': 'на'}, {'ADJ': 'сам'}, {'NOUN': 'дело'}, {'VERB': 'поймать'}, {'PROPN': 'поттер'}, {'PUNCT': '?'}];кто;[{'PRON': 'кто'}]
10513;С кем будешь говорить первым?;6;[{'ADP': 'с'}, {'PRON': 'кто'}, {'AUX': 'быть'}, {'VERB': 'говорить'}, {'ADJ': 'первый'}, {'PUNCT': '?'}];кто;[{'PRON': 'кто'}]
10525;«Гринготтс» подчинят колдунам, домовых эльфов истребят – но кто из носителей палочек выступит против?;18;[{'PUNCT': '«'}, {'PROPN': 'гринготтс'}, {'PUNCT': '»'}, {'ADJ': 'подчинят'}, {'NOUN': 'колдун'}, {'PUNCT': ','}, {'ADJ': 'домовый'}, {'NOUN': 'эльф'}, {'NOUN': 'истребить'}, {'PUNCT': '–'}, {'CCONJ': 'но'}, {'PRON': 'кто'}, {'ADP': 'из'}, {'NOUN': 'носитель'}, {'NOUN': 'палочка'}, {'VERB': 'выступить'}, {'ADV': 'против'}, {'PUNCT': '?'}];кто;[{'PRON': 'кто'}]
10583;Но если не Думбльдор, кто же прислал в подвал Добби?;12;[{'CCONJ': 'но'}, {'SCONJ': 'если'}, {'PART': 'не'}, {'PROPN': 'думбльдор'}, {'PUNCT': ','}, {'PRON': 'кто'}, {'PART': 'же'}, {'VERB': 'прислать'}, {'ADP': 'в'}, {'NOUN': 'подвал'}, {'PROPN': 'добби'}, {'PUNCT': '?'}];кто;[{'PRON': 'кто'}]
10604;Кто там?;3;[{'PRON': 'кто'}, {'ADV': 'там'}, {'PUNCT': '?'}];кто;[{'PRON': 'кто'}]
10610;На кого он похож?;5;[{'ADP': 'на'}, {'PRON': 'кто'}, {'PRON': 'он'}, {'ADJ': 'похожий'}, {'PUNCT': '?'}];кто;[{'PRON': 'кто'}]
10627;А кто ваш спутник?;5;[{'CCONJ': 'а'}, {'PRON': 'кто'}, {'DET': 'ваш'}, {'NOUN': 'спутник'}, {'PUNCT': '?'}];кто;[{'PRON': 'кто'}]
10666;Кто это был?;4;[{'PRON': 'кто'}, {'PRON': 'это'}, {'AUX': 'быть'}, {'PUNCT': '?'}];кто;[{'PRON': 'кто'}]
10719;Кому«должен»?;5;[{'PRON': 'кто'}, {'PUNCT': '«'}, {'ADJ': 'должный'}, {'PUNCT': '»'}, {'PUNCT': '?'}];кто;[{'PRON': 'кто'}]
10833;Кто здесь?;3;[{'PRON': 'кто'}, {'ADV': 'здесь'}, {'PUNCT': '?'}];кто;[{'PRON': 'кто'}]
10885;Кто привидение башни «Вранзора»?;7;[{'PRON': 'кто'}, {'NOUN': 'привидение'}, {'NOUN': 'башня'}, {'PUNCT': '«'}, {'PROPN': 'вранзор'}, {'PUNCT': '»'}, {'PUNCT': '?'}];кто;[{'PRON': 'кто'}]
10925;О ком?;3;[{'INTJ': 'о'}, {'PRON': 'кто'}, {'PUNCT': '?'}];кто;[{'PRON': 'кто'}]
10934;А эту кто тебе одолжил, Малфой?;8;[{'CCONJ': 'а'}, {'DET': 'этот'}, {'PRON': 'кто'}, {'PRON': 'ты'}, {'VERB': 'одолжить'}, {'PUNCT': ','}, {'PROPN': 'малфа'}, {'PUNCT': '?'}];кто;[{'PRON': 'кто'}]
10940;Ты с кем разговариваешь?;5;[{'PRON': 'ты'}, {'ADP': 'с'}, {'PRON': 'кто'}, {'VERB': 'разговаривать'}, {'PUNCT': '?'}];кто;[{'PRON': 'кто'}]
10943;Кого волнует твое мнение?;5;[{'PRON': 'кто'}, {'VERB': 'волновать'}, {'DET': 'твой'}, {'NOUN': 'мнение'}, {'PUNCT': '?'}];кто;[{'PRON': 'кто'}]
10972;Плащ, конечно, маловат, но в густой пыли, среди битых камней и мелькающих вспышек кто заметит какие-то бестелесные ноги?;23;[{'NOUN': 'плащ'}, {'PUNCT': ','}, {'ADV': 'конечно'}, {'PUNCT': ','}, {'NOUN': 'маловатый'}, {'PUNCT': ','}, {'CCONJ': 'но'}, {'ADP': 'в'}, {'ADJ': 'густой'}, {'NOUN': 'пыль'}, {'PUNCT': ','}, {'ADP': 'среди'}, {'ADJ': 'битый'}, {'NOUN': 'камень'}, {'CCONJ': 'и'}, {'ADJ': 'мелькать'}, {'NOUN': 'вспышка'}, {'PRON': 'кто'}, {'VERB': 'заметить'}, {'DET': 'какой-то'}, {'ADJ': 'бестелесный'}, {'NOUN': 'нога'}, {'PUNCT': '?'}];кто;[{'PRON': 'кто'}]
10981;–Ты колдун или кто?;6;[{'PUNCT': '–'}, {'PRON': 'ты'}, {'NOUN': 'колдун'}, {'CCONJ': 'или'}, {'PRON': 'кто'}, {'PUNCT': '?'}];кто;[{'PRON': 'кто'}]
10995;И кто?;3;[{'CCONJ': 'и'}, {'PRON': 'кто'}, {'PUNCT': '?'}];кто;[{'PRON': 'кто'}]
11008;И кто теперь шпионит?;5;[{'CCONJ': 'и'}, {'PRON': 'кто'}, {'ADV': 'теперь'}, {'VERB': 'шпионить'}, {'PUNCT': '?'}];кто;[{'PRON': 'кто'}]
11021;Кому охота там учиться?;5;[{'PRON': 'кто'}, {'NOUN': 'охота'}, {'ADV': 'там'}, {'VERB': 'учиться'}, {'PUNCT': '?'}];кто;[{'PRON': 'кто'}]
11157;Понимал ли я в глубине души, кто таков Геллерт Гриндельвальд?;12;[{'VERB': 'понимать'}, {'PART': 'ли'}, {'PRON': 'я'}, {'ADP': 'в'}, {'NOUN': 'глубина'}, {'NOUN': 'душа'}, {'PUNCT': ','}, {'PRON': 'кто'}, {'ADJ': 'таков'}, {'PROPN': 'геллерт'}, {'PROPN': 'гриндельвальд'}, {'PUNCT': '?'}];кто;[{'PRON': 'кто'}]
11181;Ну, кто потащит труп?;6;[{'PART': 'ну'}, {'PUNCT': ','}, {'PRON': 'кто'}, {'VERB': 'потащить'}, {'NOUN': 'труп'}, {'PUNCT': '?'}];кто;[{'PRON': 'кто'}]
11186;Кто это тут у нас?;6;[{'PRON': 'кто'}, {'PRON': 'это'}, {'ADV': 'тут'}, {'ADP': 'у'}, {'PRON': 'мы'}, {'PUNCT': '?'}];кто;[{'PRON': 'кто'}]
11195;Кем ты сегодня прикроешься, Поттер?;7;[{'PRON': 'кто'}, {'PRON': 'ты'}, {'ADV': 'сегодня'}, {'VERB': 'прикрыться'}, {'PUNCT': ','}, {'PROPN': 'поттер'}, {'PUNCT': '?'}];кто;[{'PRON': 'кто'}]
11197;И кто же выживет?;5;[{'CCONJ': 'и'}, {'PRON': 'кто'}, {'PART': 'же'}, {'VERB': 'выжить'}, {'PUNCT': '?'}];кто;[{'PRON': 'кто'}]
