зонтик,2
макроэкономический,8
неодинаково,6
топсайдеры,4
щавеля,3
царство,2
химиопрофилактика,8
реабилитационную,7
гвоздика,3
Египет,3
французского,4
ща,1
соответственно,5
фигуристы,4
ясновидение,5
мост,1
хореографическое,7
гнездо,2
фиалка,3
западносахалинский,7
распространено,5
щепотка,3
уважение,4
колыбельная,5
железнодорожника,6
лук,1
парикмахерская,5
ярмарка,3
деятельность,4
расписание,4
библиотека,4
научился,3
имя,2
утюг,2
инструменты,4
заключается,4
медвежонок,3
чеснок,2
Юра,2
животных,3
гвоздь,1
юридических,5
трава,2
загадка,3
рисовать,3
Татьяна,3
характеризировать,7
целеустремленность,6
являющемуся,5
энергосберегающая,8
изобразительное,6
интересный,4
на,1
воспоминание,5
Чиполлино,4
зоопарке,4
сестра,2
юрисконсульт,5
широкополосный,6
ясень,2
фотоаппарат,5
ёжиком,3
читайте,2
литературные,5
олицетворяющее,6
желудок,3
самолёт,3
ядовитое,4
осенью,3
берегоукрепительный,8
мышка,2
делопроизводство,6
подлежащее,4
юниор,3
ципрофлоксацин,5
аккуратно,4
деятельности,5
расстояние,4
алфавит,3
фотография,5
въезд,1
шесть,1
криминалистического,7
уклонообразующий,7
золотистые,4
юношеский,4
эксплуатационный,7
ламинирование,6
бактериологические,7
индивидуальный,6
самостоятельности,6
стул,1
юбилей,3
целесообразностью,7
уведомление,5
яд,1
макроэкономическое,7
магнитофон,4
Эдуард,3
Водоплавающая,6
малооплачиваемая,7
доказательство,5
интересно,4
перераспределение,7
фирма,2
фотосинтезирующая,7
большой,2
история,3
ноутбук,2
ёж,1
аристократический,7
змей,1
термопреобразователь,7
майка,2
энергосберегающие,7
щу,1
рождения,4
сосна,2
шампанское,3
царапается,5
гитара,3
муравейник,4
Ютуб,2
геркулес,3
являющаяся,5
человеколюбивым,6
Юрий,2
распространенное,5
Циолковского,4
центр,1
индивидуальные,6
газонепроницаемые,7
коммерциализации,7
благотворительность,6
удостоверение,5
цивилизация,5
фильм,1
рассказ,2
употребления,5
царь,1
тополь,2
юристконсульта,6
ираианяипапа,6
чёрные,2
нитка,2
чудесные,3
зоологические,6
юла,2
общечеловеческие,7
многофункциональный,7
тюль,1
автомобилестроение,8
цапля,2
шестидесятничества,7
черёмуха,3
смородина,4
квалифицированные,7
конкурентоспособными,7
жаворонок,4
астра,2
йорж,1
ус,1
юнга,2
валенки,3
индейка,3
лимитирующее,6
улица,3
экскурсия,4
ресторан,3
фрукты,2
взаимоотношениях,6
заливаются,4
южноамериканка,6
разрабытываемое,6
ландыш,2
бактериоуловитель,7
многонациональная,7
лес,1
йотта,2
Екатеринбург,5
объяснение,4
целебные,3
экран,2
шустрые,2
коллекционный,5
журавль,2
угольки,3
детство,2
целесообразно,5
чередующиеся,5
характеризующая,6
биофармацевтический,7
Классификация,5
телосложение,5
филологический,6
четырнадцатилетие,7
колокольчик,4
транспортирования,6
чьи,1
логарифмирования,7
жёрдочка,3
бензиновый,4
юстирование,5
оборотоспособности,7
цыплёнок,3
листья,2
психоневрологического,8
юмористическим,6
экскаваторщик,5
бровь,1
юмористического,6
ад,1
исследование,5
щурится,3
злой,1
учитель,3
гости,2
произведения,5
молния,3
щип,1
гиппопотам,4
метеорологических,7
калейдоскоп,5
хорёк,2
разливается,4
языческие,4
анаморфирование,7
завтра,2
освидетельствования,7
Владимировна,5
широковещательность,7
электроэнергии,6
желание,4
ямб,1
самосовершенствоваться,8
цилиндрический,5
ей,1
попугаи,3
неодушевленный,5
ухо,2
рот,1
кораблестроители,7
яркий,2
телекоммуникационной,8
Арш,1
щупальца,3
яма,2
чашка,2
щепка,2
тень,1
забияка,4
концентрация,5
Йокагама,4
энергосберегающий,7
сказуемое,4
кондиционер,5
коэффициентов,5
труднообрабатываемых,7
холст,1
материаловедческое,7
хозяина,4
осина,3
лингвистика,4
факел,2
равнодействующую,6
Инна,2
послеоперационные,7
юридическая,5
шумоподавление,6
жёлудь,2
пресмыкающиеся,5
третьяковская,5
высокоэнергетических,7
тёплая,2
регламентирующими,6
биотехнологического,7
комедия,3
фокус,2
фотографирующиеся,6
обслуживание,5
заинтересованность,6
одиночество,4
зубр,1
жемчужина,3
культурноисторическими,8
черносмородиновое,7
чиж,1
южноамериканец,6
Великобритания,6
гидроизолирующие,7
четырехугольнике,6
украшения,4
галстук,2
путешествие,4
шишки,2
головокружительным,7
замерзающего,5
муниципального,5
характеристическими,7
объезд,2
щиколотка,4
хореографические,6
рассказывает,4
заявление,4
Гагарина,4
деревня,3
скорая,3
Йемен,2
жизнедеятельность,6
испугала,3
воробьиное,4
администрирование,7
олимпиада,4
шарикоподшипник,6
комбинированный,5
очень,2
Ил,1
трость,1
документооборота,6
носорог,3
Америка,4
могущественный,5
ломоносовская,5
церемония,4
ультрафиолетового,7
здравствуй,2
сковорода,4
художественной,5
эксплуатационная,7
ёжился,2
Элла,2
оперуполномоченного,7
юриспруденция,5
тепломеханического,7
соловьи,3
характеризовалась,6
ай,1
ножницами,3
осень,2
размышления,4
лиловые,3
его,2
энциклопедия,5
чересполосица,5
классная,3
март,1
чудеса,3
трудолюбивый,5
фортуна,3
карандаши,4
шиповник,3
жизнеобеспечения,7
ест,1
инициатива,5
ик,1
производительности,6
хлопья,2
металлический,5
рельсы,2
окно,2
заимствованные,5
йотированный,5
варенье,3
являющихся,4
лайка,2
художественного,5
щелк,1
деревьев,3
лиственница,4
арбуз,2
воочию,3
возникновение,5
удовлетворительное,7
соответствующего,6
хозяйство,3
серебряные,4
физиологическим,6
микробиологическая,7
функционированное,6
ёлкин,2
шероховатости,5
интеллектуальный,6
хозяин,3
брат,1
шкаф,1
оружие,3
белочка,3
любознательный,5
усовершенствование,7
дифференциальные,6
многообещающая,6
заокеанский,5
Йорк,1
канализационные,6
Гастрономия,5
электроизмерительные,7
иллюзия,3
Ира,2
геополитического,6
юмористическое,5
флот,1
Щелкунчики,4
пять,1
величавый,4
эпидемиология,6
цепь,1
девочки,2
жёлтые,2
распространение,5
экология,4
контрреволюционный,7
биография,4
экономика,4
фамилия,3
ситуация,4
общеобразовательное,7
ябеда,3
четырьмястами,5
шахтостроительного,7
люк,1
блокообрабатывающий,7
царапина,4
электричка,4
самореализация,6
цвет,1
тщеславие,4
азбука,3
большая,3
белоснежная,4
распределение,5
воробьиный,4
якорь,2
воскресенье,4
красный,2
физиология,5
рационализированной,7
единообразия,6
война,2
цветочная,3
мак,1
кастрюля,3
лесообрабатывающей,7
исторический,5
жевачка,3
стихотворение,5
функциональные,5
высказывание,5
употребление,5
щупание,3
юркий,2
здание,3
завораживающая,6
характеризовать,6
однопараметрическую,7
Украина,3
школа,2
Эльф,1
цетрализованная,6
свёкла,2
апельсиновый,5
счастливый,3
биологическая,5
штабелирование,6
Обозначающие,5
физиотерапия,5
жать,1
ждать,1
удовлетворяющие,6
достопримечательность,7
иль,1
шаромоделирование,7
оранжевый,3
электродинамический,7
самопожертвование,6
территория,4
изготавливается,5
Дюймовочка,4
майский,2
заводоуправление,7
ученик,3
лекарственные,4
характеристика,5
врач,1
зелёные,3
вместе,2
документационные,6
засухоустойчивая,6
местоимение,4
орех,2
единовременный,5
млекопитающие,5
шелестит,3
завораживающее,6
шиномонтаж,4
машина,3
гидроэлектростанциями,8
ежеквартально,5
часовой,3
дорожки,3
неотремонтированных,7
Юрмала,3
фикция,2
яйцерождение,5
физиологического,6
беспокоиться,4
идеализированная,7
асимметрия,5
честь,1
муравей,3
характеризующимся,6
жильё,2
нововведение,5
необыкновенная,6
рассвет,2
Евгения,4
настоящее,4
Экологические,6
ежи,2
Жанна,2
администратор,6
единовременно,6
Юля,2
труд,1
юродивый,4
ёмкий,2
закончилось,4
кость,1
мероприятия,5
Хорватия,4
гладиолусы,5
самообследование,7
сыроежка,3
железнодорожное,6
зной,1
радиоприёмник,5
ромашка,3
демилитаризованную,8
крот,1
из,1
ель,1
геометрические,6
зарядка,3
отечество,4
одуванчик,3
идолопоклонниками,7
есть,1
январь,2
федерации,5
хор,1
деревьях,3
апрельский,4
книга,2
чудесное,4
рассредоточение,6
специализированный,7
електрохымзахисту,7
Иваново,4
пушистый,3
одноклассники,5
вьюн,1
электровибрационные,8
йэ,1
семья,2
Яковлевича,5
самообладание,6
лужайка,3
бассейн,2
Произведение,5
неудовлетворительный,8
наименование,5
муравьишка,4
ласточка,3
характеризующего,6
дождь,1
неудовлетворительно,7
ребята,3
диагностируемого,6
хлобчатобумажная,6
государственную,5
фрак,1
хоть,1
конкурентноспособностью,8
благоустройство,5
тарелка,3
баллистокардиография,9
четырёхугольника,6
морковь,2
обезьяна,4
воробьи,3
электромеханический,7
фломастер,3
животноводческих,6
взгляд,2
жизнерадостность,6
Ас,1
являющимися,5
налогообложения,6
жизнеутверждающий,6
взаимопонимание,6
территориальный,6
живописное,4
здравоохранения,6
яркая,3
авиационный,5
художественная,5
характеристиками,6
высокопревосходительство,9
индивидуализировать,8
банан,2
риск,1
камнеобрабатывающий,7
огонь,2
чаепитие,4
играю,3
социалистическая,6
этаж,2
звёзды,2
туфли,2
соревнования,5
фестиваль,3
администрация,6
достопримечательностям,7
убаюкивает,5
Япония,3
единовременное,6
восточнославянская,7
головокружение,6
завтрак,2
ясновидящие,5
головокружительная,7
соединение,5
грамматика,4
руль,1
гидроэнергетические,7
жеребёнок,3
государственного,5
обществознание,5
удочка,3
жизнерадостный,5
направление,4
хруст,1
ягуар,2
рысь,1
Екатеринбургскую,6
дрозд,1
голубь,2
формирования,5
шиномонтажные,5
Евгений,3
облако,3
ненастье,3
бактерионосительство,7
трамвай,2
работоспособность,6
иней,2
идеальный,4
коммунистическая,6
сельскохозяйственного,7
ходатайство,4
некристаллизирующийся,8
ещё,1
неожиданно,4
деньки,2
аист,1
хлопотливый,4
красноармейская,5
заасфальтировать,6
бетонирование,5
игла,2
добросовестный,5
фарш,1
регистрационный,6
чистописание,5
пластилин,3
Москва,2
щавелевый,4
ферзь,1
ос,1
автовеломотогонки,7
авианавигационный,7
профориентационную,7
радиопеленгаторная,7
зарегистрировано,6
йодом,2
хозяйственный,4
шестиугольник,5
автоаннотирование,7
портфель,2
билетопечатающий,6
неспециализированных,7
искусство,3
щеткой,2
юбиляра,4
рожь,1
шарф,1
поздравляю,4
изобилия,4
общеобразовательная,7
цилиндрическая,5
лидирующие,5
местонахождение,6
смотрит,3
фонарь,2
акация,4
флюорография,5
красиваядолгое,6
единожды,4
энциклопедическое,7
шёлковая,3
благоприятствовать,6
ночь,1
безукоризненно,6
тетрадь,2
железнодорожный,5
благополучие,5
представление,5
немалозначимую,6
дупло,2
естествоиспытатель,7
ёмкостной,3
вежливость,3
зеркало,3
величественный,5
Илья,2
умиротворение,6
литературное,5
тюльпан,2
ядовитая,4
авиаметеостанция,8
Иван,2
юноша,3
декларация,5
естественный,4
компьютер,3
щекотливость,5
материаловедение,7
барабан,3
гном,1
аббревиатура,6
йод,1
хек,1
элегантные,5
лакированная,5
твой,1
регулирование,6
он,1
человеческий,4
деревьями,4
эндокринологическое,8
Эмма,2
йоги,2
сфотографировать,6
разрастающиеся,5
высокотехнологичного,7
хлеб,1
астр,2
переформатирование,7
теплопроизводительность,8
машиностроительная,7
фармакокенетика,7
автотехобслуживание,8
матрёшка,3
усовершенствованиями,7
весенний,3
базирующуюся,5
оплачиваемый,5
волк,1
четырнадцатое,5
альбом,2
деньги,2
одиннадцатое,5
доброжелательный,6
правоохранительная,7
жужжание,3
великолепие,5
мышь,1
языковая,4
доброжелательность,7
Ям,1
ам,1
империалистические,7
разноцветные,4
глообализационными,7
осенние,3
программирование,6
центральная,4
четырехлепестковые,6
пенал,2
жук,1
целоваться,4
юбилейное,4
тихоокеанского,6
Яна,2
праздник,2
этноконфессиональных,8
телефон,3
гусеница,3
Юлианович,5
эксплуатации,6
лев,1
кардиореспираторной,8
фитопалеонтология,8
барражирование,6
полиэтиленовая,6
электробезопасность,7
величественные,5
железнодорожная,5
человеконенавистник,7
трактор,2
тихоокеанский,5
ночник,2
горнодобывающая,6
пляж,1
широкоугольный,5
звукозаписывающее,7
извините,4
эмоциональный,5
специализированные,7
коллекционирование,7
целлюлоза,4
шторм,1
целеустремленный,6
происхождение,5
зелёная,3
теоретический,5
единичный,3
яишница,3
забастовка,4
предполагает,4
программа,3
шахматы,2
словообразование,6
актёр,2
ёжик,2
психоневрологическая,8
ёжики,3
Ирина,3
предаттестационная,8
муж,1
карбокксиметилцеллюлоза,9
разнообразие,5
як,1
яблонька,3
аэроплан,4
лось,1
главнокомандующего,7
шизофрении,5
финансирование,6
движение,3
удивительные,5
скамейка,3
единственного,4
ёлочка,3
ежевика,3
документационного,7
медведь,2
идеализированному,7
шестнадцатое,5
горькая,2
щипцы,2
явление,3
щуплый,2
электрический,5
ива,2
зелёный,3
холодная,3
метеорологические,7
реабилитационный,7
дружба,2
трудоустройство,5
серебро,3
совершенствование,6
хорошая,3
авиация,4
растения,3
бабушка,3
действительно,4
автомобиль,4
электрификация,6
Тверь,1
азотофиксирующий,7
шишка,2
щётка,2
быстро,2
шантажировать,5
дисквалифицировали,7
называется,4
жил,1
экспресс,2
метро,2
животноводство,5
конструирование,6
Эдик,2
дифференцированная,7
сочинение,4
ералаш,3
апельсин,3
молоко,3
противоположные,6
реабилитационные,7
логопедической,6
ручьи,2
имена,3
квалификационная,7
ульи,2
хвост,1
ёсць,2
Антон,2
ум,1
щелочение,4
единственная,4
телерадиокомпания,7
фантастика,4
эмоциональная,5
йеменцу,3
зоопарк,3
янтарная,3
материальное,5
акула,3
ерунда,3
электрообеспечение,7
биологический,6
поэзия,3
ядовитую,4
теплоизоляционные,7
финал,2
традиция,4
декабрь,2
Арс,1
общеобразовательную,7
шестьюдесятью,5
температура,5
холодный,3
шампиньоны,4
разъезд,2
танк,1
цветы,2
разочарование,6
украинский,4
наряд,2
учительница,5
юные,2
металлообнаружитель,7
листочками,4
их,1
дифференцированы,6
конкурентоспособность,7
подосиновик,4
уж,1
вышеперечисленные,7
насекомые,4
микросхема,4
квалификационные,7
эксперт,2
фигурирующих,5
подъезд,2
настоящая,4
гидроэлектростанцией,8
усовершенствованию,7
вышепоставленным,6
несанкционированного,8
раскрасила,4
циркуляцией,5
зонт,1
радио,3
белоснежный,4
авиастроительство,6
естественнонаучный,7
оборачиваемости,6
несовершеннолетним,7
листва,2
термодинамического,7
шиномонтажное,5
визуализация,5
неопределенный,5
землетрясение,5
Германия,3
гидроманипуляторами,8
флокс,1
товаробраковочного,7
чтение,2
обеспечивающие,6
индустриальный,5
позиционирование,7
мать,1
йог,1
коллекция,4
радость,2
кондиционирования,7
жизнь,1
барс,1
цветочную,3
нефть,1
ирис,2
геологические,5
инструктируемого,6
глобализируещееся,7
щит,1
оборудование,5
им,1
