ID;Russian;English
1;Более того, она очень строго посмотрела на мистера Дурсля, так что он даже подумал: «Может быть, кошки всегда себя так ведут?»  Затем, собравшись с духом, он вошел в дом, внушая себе при этом, что ему ни в коем случае не следует ни о чем рассказывать жене.;What could he have been thinking of?
2;Как ты думаешь, Джим, не будет ли сегодня вечером новых дождей из сов?»  «Не знаю, Тед.;Was this normal cat behavior?
3;— Э… Петунья, дорогая… Ты давно не получала известий от своей сестры?;"Going to be any more showers of owls tonight, Jim?"""
4;— А почему ты спрашиваешь?;Shooting stars all over Britain?
5;— Совы… падающие звезды… по городу ходят толпы странно одетых людей…  — И что?;Owls flying by daylight?
6;Вместо этого он произнес как бы между прочим:  — Их сын — он ведь ровесник Дадли, верно?;Mysterious people in cloaks all over the place?
7;— Не напомнишь мне, как его зовут?;"""Er -- Petunia, dear -- you haven't heard from your sister lately, have you?"""
8;Гарольд, кажется?;"""Why?"""
9;Мистер Дурсль спросил себя, не привиделось ли ему все то, с чем он столкнулся сегодня?;"""Owls... shooting stars... and there were a lot of funny-looking people in town today...""  ""So?"""
10;И если нет, то неужели все это связано с Поттерами?;"Instead he said, as casually as he could, ""Their son -- he'd be about Dudley's age now, wouldn't he?"""
11;— Как вы меня узнали?;"""What's his name again?"
12;— Целый день?;"Howard, isn't it?"""
13;В то время как вы могли праздновать вместе с другими?;Was he imagining things?
14;Кстати, я надеюсь, что он на самом деле исчез, это ведь так, Дамблдор?;Could all this have anything to do with the Potters?
15;Не хотите ли лимонную дольку?;"""How did you know it was me?"""
16;— Что?;"""All day?"
17;Вы знаете, о чем все говорят?;When you could have been celebrating?
18;Они гадают, почему он исчез?;"I suppose he really has gone, Dumbledore?"""
19;Гадают, что же наконец смогло его остановить?;"Would you care for a lemon drop?"""
20;— Это… это правда?;"""A what?"""
21;— После всего, что он сделал… После того, как он убил стольких из нас… он не смог убить маленького мальчика?;"""As I say, even if You-Know-Who has gone -""  ""My dear Professor, surely a sensible person like yourself can call him by his name?"
22;Это просто поразительно… Если вспомнить, сколько раз его пытались остановить… Какие меры для этого предпринимались… Но каким чудом Гарри удалось выжить?;You know what everyone's saying?
23;Кстати, я полагаю, именно он сказал вам, что я буду здесь?;About why he's disappeared?
24;— Но, я полагаю, вы не скажете мне, почему вы оказались именно здесь?;"About what finally stopped him?"""
25;— Неужели вы… Неужели вы имеете в виду тех, кто живет здесь?!;"""It's -- it's true?"""
26;И вы хотите, чтобы Гарри Поттер оказался здесь?!;"""After all he's done... all the people he's killed... he couldn't kill a little boy?"
27;— Письмо?;"It's just astounding... of all the things to stop him... but how in the name of heaven did Harry survive?"""
28;— Помилуйте, Дамблдор, неужели вы на самом деле думаете, что сможете объяснить в письме все, что случилось?;"I suppose it was he who told you I'd be here, by the way?"""
29;Неужели вы не видите, насколько лучше для него самого, если он будет жить здесь, далеко от нашего мира, до тех пор, пока не вырастет и будет в состоянии справиться со своей славой?;"""And I don't suppose you're going to tell me why you're here, of all places?"""
30;Но скажите, Дамблдор, как мальчик попадет сюда?;"""You don't mean -- you can't mean the people who live here?"""
31;— Вы думаете, это… Вы думаете, это разумно — доверить Хагриду столь ответственное задание?;"""A letter?"""
32;Он… Что это там?;"""Really, Dumbledore, you think you can explain all this in a letter?"
33;— А где ты взял этот мопед?;"CarA you see how much better off he'll be, growing up away from all that until he's ready to take it?"""
34;— Все прошло спокойно?;"But how is the boy getting here, Dumbledore?"""
35;— Вы ведь можете что-то сделать с ним, Дамблдор?;"""You think it -- wise -- to trust Hagrid with something as important as this?"""
36;— Могу я… Могу я попрощаться с ним, сэр?;"He does tend to -- what was that?"""
37;— Ты что, еще не встал?;"And where did you get that motorcycle?"""
38;— Что ты там говоришь?;"""No problems, were there?"""
39;Ничего…  День рождения Дадли — как он мог забыть?;"""Is that where -?"""
40;Как тебе это, малыш?;"""Couldn't you do something about it, Dumbledore?"""
41;Ты доволен?;"""Could I -- could I say good-bye to him, sir?"""
42;— И что теперь?;"""Are you up yet?"""
43;Дурсли часто говорили о Гарри так, словно его здесь не было или словно он был настолько туп, что все равно не мог понять, что речь идет именно о нем.  — А как насчет твоей подруги?;"""What did you say?"""
44;— И чтобы мы вернулись и обнаружили, что от дома остались одни руины?;"""Nothing, nothing...""  Dudley's birthday -- how could he have forgotten?"
45;— Кстати, откуда вы родом?;How's that, popkin?
46;— Наверное, там было куда лучше, чем здесь?;"""Now what?"""
47;— А понимаю, значит, вы никогда не были в Бразилии?;"""What about what's-her-name, your friend -- Yvonne?"""
48;— Куда исчезло стекло?;"""And come back and find the house in ruins?"""
49;Но самым худшим для Гарри было то, что Пирс наконец успокоился и вдруг произнес:  — А Гарри разговаривал с ней — ведь так, Гарри?;"""Where do you come from, anyway?"""
50;— Хочешь подняться наверх и попробовать?;"""Was it nice there?"""
51;— Что это?;"""Oh, I see -- so you've never been to Brazil?"""
52;Да и кто мог ему написать?;"""But the glass,"" he kept saying, ""where did the glass go?"""
53;— Что ты там копаешься?;"But worst of all, for Harry at least, was Piers calming down enough to say, ""Harry was talking to it, weren't you, Harry?"""
54;Проверяешь, нет ли в письмах взрывчатки?;"""Want to come upstairs and practice?"""
55;— И кто, интересно, будет тебе писать?;"""What's this?"""
56;— Вернон, посмотри на адрес, как они могли узнать, где он спит?;Who would?
57;Ты не думаешь, что они следят за домом?;"""What are you doing, checking for letter bombs?"""
58;— Что нам делать, Вернон?;"""Who'd be writing to you?"""
59;Может быть, следует им ответить?;"""Vernon,"" Aunt Petunia was saying in a quivering voice, ""look at the address -- how could they possibly know where he sleeps?"
60;Если они не получат ответ… Да, это лучший выход из положения… Мы просто ничего не будем предпринимать…  — Но…  — Мне не нужны в доме такие типы, как они, ты поняла, Петунья?!;"You don't think they're watching the house?"""
61;Когда мы взяли его, разве мы не поклялись, что искореним всю эту опасную чепуху?!;"""But what should we do, Vernon?"
62;— Где мое письмо?;Should we write back?
63;— Кто мне его написал?;"Didn't we swear when we took him in we'd stamp out that dangerous nonsense?"""
64;— Зачем?;"""Where's my letter?"""
65;— Интересно, кому это так сильно понадобилось пообщаться с тобой?;"""Who's writing to me?"""
66;— Я извиняюсь, но нет ли среди вас мистера Г. Поттера?;"""Why?"""
67;* * *   — Дорогой, не лучше ли нам будет вернуться?;Surely that meant they'd try again?
68;— Папа сошел с ума, да, мам?;"""Who on earth wants to talk to you this badly?"""
69;Тридцать секунд… двадцать… десять… девять… Может, имеет смысл разбудить Дадли, просто для того чтобы его позлить?;"""'Scuse me, but is one of you Mr. H. Potter?"
70;Но кто?;"Wouldn't it be better just to go home, dear?"""
71;— Где пушка?;"""Daddy's gone mad, hasn't he?"""
72;— Кто там?;"""Could do with some of those letters now, eh?"""
73;— Ну чего, может, чайку сделаете, а?;Was that the sea, slapping hard on the rock like that?
74;Я тут тебе принес кой-чего… Может, там помялось слегка, я… э-э… сел на эту штуку по дороге… но вкус-то от этого не испортился, да?;And (two minutes to go) what was that funny crunching noise?
75;Он хотел поблагодарить его за подарок, но слова благодарности потерялись по пути ко рту, и вместо этого он сказал совсем другое:  — Вы кто?;Was the rock crumbling into the sea?
76;— Ну так чего там с чаем?;"""Where's the cannon?"""
77;— Да ты чего разволновался-то, Дурсль?;"""Who's there?"""
78;Ты, конечно, знаешь, что это за штука такая, Хогвартс?;"""Couldn't make us a cup o' tea, could yeh?"
79;— Извините?!;"He meant to say thank you, but the words got lost on the way to his mouth, and what he said instead was, ""Who are you?"""
80;Я… э-э… знал, что ты наших писем не получил, но чтобы ты вообще про Хогвартс не слышал?;"""What about that tea then, eh?"""
81;Не любопытный ты, выходит, коль ни разу не спросил, где родители твои всему научились…  — Научились чему?;"""Sony?"""
82;— ЧЕМУ?!;"Did yeh never wonder where yet parents learned it all?"""
83;— Вы мне тут чего хотите сказать?;"""All what?"""
84;— ничегошеньки и не знает о том, что… Ничего не знает ВООБЩЕ?;"""ALL WHAT?"""
85;— Каком мире?;"-- knows nothin' abou' -- about ANYTHING?"""
86;— Но ты же знаешь про своих родителей… ну, кто они были?;"""What world?"""
87;— Что?;"""What?"
88;— Разве мои мама и папа… разве они были известными людьми?;"My -- my mom and dad weren't famous, were they?"""
89;— Ты чего, не знаешь даже, кто ты такой есть?;"""Yeh don' know what yeh are?"""
90;— Вы что, никогда ему ничего не говорили, да?;"""You never told him?"
91;Никогда не говорили, что в том письме было, которое Дамблдор написал?;Never told him what was in the letter Dumbledore left fer him?
92;А вы, выходит, за столько лет ему так и не рассказали ничего, прятали все от него, да?;"An' you've kept it from him all these years?"""
93;— Прятали от меня что?;"""Kept what from me?"""
94;— Короче так, Гарри, ты волшебник, понял?;"-- a what?"""
95;— Я кто?;With a mum an' dad like yours, what else would yeh be?
96;Кем ты еще мог быть, с такими-то родителями?;"After a few minutes he stammered, ""What does it mean, they await my owl?"""
97;Прошло несколько минут, прежде чем он неуверенно выдавил из себя:  — Что это значит: они ждут мою сову?;"""Where was I?"""
98;— Так на чем мы с тобой остановились?;"""A what?"""
99;— Знаешь, хотел бы я посмотреть, как такой храбрый магл, как ты, его остановит…  — Кто?;"""You knew?"""
100;— Так вы знали?;"""You knew I'm a -- a wizard?"""
101;— Вы знали, что я… что я волшебник?;How could you not be, my dratted sister being what she was?
102;— Знали ли мы?!;"As soon as he found his voice he said, ""Blown up?"
103;— Знали ли мы?;"""How could a car crash kill Lily an' James Potter?"
104;— Взорвалась?;"""But why?"
105;— АВТОКАТАСТРОФА?!;"What happened?"""
106;— Да как могла автокатастрофа погубить Лили и Джеймса Поттеров?;"""Well, it's best yeh know as much as I can tell yeh -- mind, I can't tell yeh everythin', it's a great myst'ry, parts of it....""  He sat down, stared into the fire for a few seconds, and then said, ""It begins, I suppose, with -- with a person called -- but it's incredible yeh don't know his name, everyone in our world knows --""  ""Who? """
107;— Но почему?;"""Why not?"""
108;— И что с ними случилось, с мамой и папой?;"""Could you write it down?"""
109;Не я, Гарри, должен бы рассказать тебе обо всем… э-э… но кто-то ж должен, так?;Never wondered how you got that mark on yer forehead?
110;— Нет, поверить не могу, что ты про него не знаешь, — его в нашем мире все знают…  — А кто он такой?;"""But what happened to Vol--, sorry -- I mean, You-Know-Who?"""
111;— Но почему?;That's the biggest myst'ry, see... he was gettin' more an' more powerful -- why'd he go?
112;— Может быть, вы лучше напишете это имя?;A wizard?
113;Ты не спрашивал никогда, откуда у тебя этот шрам на лбу?;Him?
114;— А что случилось с Волан… извините, с тем Вы-Знаете-Кем?;How could he possibly be?
115;Волшебник?;"He'd spent his life being clouted by Dudley, and bullied by Aunt Petunia and Uncle Vernon; if he was really a wizard, why hadn't they been turned into warty toads every time they'd tried to lock him in his cupboard?"
116;Он, Гарри Поттер, волшебник?;If he'd once defeated the greatest sorcerer in the world, how come Dudley had always been able to kick him around like a football?
117;Всю жизнь его шпынял Дадли и притесняли дядя Вернон и тетя Петунья, а если он волшебник, то почему они не превращались в бородавчатых черепах всякий раз, как запирали его в чулане?;"""Not a wizard, eh?"
118;Если когда-то он смог победить величайшего мага в мире, почему Дадли всегда пинал его и гонял по школе и по всему дому, как футбольный мяч?;"Never made things happen when you was scared or angry?"""
119;— Значит, не волшебник?;Now he came to think about it... every odd thing that had ever made his aunt and uncle furious with him had happened when he, Harry, had been upset or angry... chased by Dudley's gang, he had somehow found himself out of their reach... dreading going to school with that ridiculous haircut, he'd managed to make it grow back... and the very last time Dudley had hit him, hadn't he got his revenge, without even realizing he was doing it?
120;И никогда с тобой ничего такого не было, когда ты злился или огорчался?;Hadn't he set a boa constrictor on him?
121;Например, когда за ним гналась банда Дадли, а он смог ускользнуть от них, оказавшись на крыше школьной столовой… Или когда тетя Петунья остригла его почти наголо, и он с ужасом думал о том, как завтра появится в школе, — разве ему не удалось заставить волосы отрасти за одну ночь?… А взять самый последний случай, когда Дадли ударил его в террариуме, а он, сам того не подозревая, напустил на Дадли бразильского удава…  Гарри улыбнулся, посмотрел на Хагрида и заметил, что лицо великана просияло.;"""See?"""
122;— Ну что, убедил я тебя теперь, да?;"""Haven't I told you he's not going?"""
123;— Разве я не сказал вам, что он никуда не поедет?;"I was allowed ter do a bit ter follow yeh an' get yer letters to yeh an' stuff -- one o' the reasons I was so keen ter take on the job  ""Why aren't you supposed to do magic?"""
124;Я читал эти ваши письма — про то, что ему нужна целая куча всякой ерунды, вроде книг заклинаний и волшебных палочек…  — Если он захочет там учиться, то даже такому здоровенному маглу, как ты, его не остановить, понял?;"""Why were you expelled?"""
125;— Помешать сыну Лили и Джеймса Поттеров учиться в Хогвартсе — да ты свихнулся, что ли?!;"""What?"""
126;— А почему вам нельзя творить чудеса?;"""Knuts?"""
127;— А почему вас исключили?;"""Um -- Hagrid?"""
128;— Что?;"""Mm?"""
129;— Кнатов?;"""D'yeh think yer parents didn't leave yeh anything?"""
130;— М-м-м… Хагрид?;"""Wizards have banks?"""
131;— А?;"""Goblins?"""
132;— Ты, что ли, думаешь, что твои родители о тебе не позаботились?;"""Got everythin'?"
133;— У волшебников есть свои банки?;"""How did you get here?"""
134;— Гоблины?;"""Flew?"""
135;Тебя вот забрать, из «Гринготтса» кое-что взять — он знает, что мне доверять можно, понял?;"""If I was ter -- er -- speed things up a bit, would yeh mind not mentionin' it at Hogwarts?"""
136;— А как ты сюда попал?;"""Why would you be mad to try and rob Gringotts?"""
137;— Прилетел?;"""There's a Ministry of Magic?"""
138;— Если я… э-э… Если я сделаю так, чтоб мы побыстрее поплыли, ты ведь никому в Хогвартсе не расскажешь?;"""But what does a Ministry of Magic do?"""
139;— А почему только сумасшедший может попытаться ограбить «Гринготтс»?;"""Why?"""
140;К тому же оттуда еще выбраться надо… «Гринготтс» глубоко под землей находится… сотни миль под Лондоном — чуешь?;"""Why?"
141;— А есть такое Министерство?;"Not only was Hagrid twice as tall as anyone else, he kept pointing at perfectly ordinary things like parking meters and saying loudly, ""See that, Harry?"
142;— А чем занимается Министерство магии?;"Things these Muggles dream up, eh?"""
143;— Почему?;"""Hagrid,"" said Harry, panting a bit as he ran to keep up, ""did you say there are dragons at Gringotts?"""
144;— Почему?;"""You'd like one?"""
145;Да ты чо, Гарри?;"""Still got yer letter, Harry?"""
146;— Ты сказал, что в «Гринготтсе» есть драконы?;"One winter cloak (black, silver fastenings)  Please note that all pupils' clothes should carry name tags  COURSE BOOKS  All students should have a copy of each of the following:  The Standard Book of Spells (Grade 1) by Miranda Goshawk  A History of Magic by Bathilda Bagshot  Magical Theory by Adalbert Waffling  A Beginners' Guide to Transfiguration by Emetic Switch  One Thousand Magical Herbs and Fungi by Phyllida Spore  Magical Drafts and Potions by Arsenius Jigger  Fantastic Beasts and Where to Find Them by Newt Scamander  The Dark Forces: A Guide to Self-Protection by Quentin Trimble  OTHER EQUIPMENT  wand cauldron (pewter, standard size 2) set  glass or crystal phials  telescope set  brass scales  Students may also bring an owl OR a cat OR a toad  PARENTS ARE REMINDED THAT FIRST YEARS ARE NOT ALLOWED THEIR OWN BROOMSTICKS  ""Can we buy all this in London?"""
147;— Ты хотел бы иметь дракона?;Could there really be piles of wizard gold buried miles beneath them?
148;— А письмо-то у тебя с собой, Гарри?;Were there really shops that sold spell books and broomsticks?
149;— И это всё можно купить в Лондоне?;Might this not all be some huge joke that the Dursleys had cooked up?
150;Ну разве может находиться под землей волшебный банк, набитый золотом?;"Everyone seemed to know Hagrid; they waved and smiled at him, and the bartender reached for a glass, saying, ""The usual, Hagrid?"""
151;Разве существуют магазины, которые продают книги заклинаний и метлы?;"""Good Lord,"" said the bartender, peering at Harry, ""is this -- can this be --?"""
152;А может, все это ужасная шутка, которую придумали Дурсли?;"""Did you hear that?"
153;Очевидно, Хагрида здесь все знали — ему улыбались и махали руками, а бармен потянулся за стаканом со словами:  — Тебе как обычно, Хагрид?;"""What sort of magic do you teach, Professor Quirrell?"""
154;— Вы слышали?;"""N-not that you n-need it, eh, P-P-Potter?"""
155;— Какой раздел магии вы преподаете, профессор Квиррелл?;"""You'll be g-getting all your equipment, I suppose?"
156;— Н-не то чтобы вам это было н-нужно, верно, П-п-поттер?;"""Told yeh, didn't I?"
157;— Как я п-понимаю, вы решили п-при-обрести все н-необходимое для школы?;"""Is he always that nervous?"""
158;— Ну, что я тебе говорил?;"Scared of the students, scared of his own subject now, where's me umbrella?"""
159;— Он всегда такой нервный?;Vampires?
160;Учеников боится, предмета своего боится… Так, куда это мой зонт подевался?;Hags?
161;Вампиры?;"""You have his key, Sir?"""
162;Ведьмы?;"""What's the You-Know-What in vault seven hundred and thirteen?"""
163;— У вас есть его ключ, сэр?;"I never know,"" Harry called to Hagrid over the noise of the cart, ""what's the difference between a stalagmite and a stalactite?"""
164;— А что такое это Вы-Знаете-Что в сейфе семьсот тринадцать?;How often had they complained how much Harry cost them to keep?
165;Сколько раз они жаловались, что Гарри им дорого обходится?;"""Vault seven hundred and thirteen now, please, and can we go more slowly?"""
166;— Один галлеон — это семнадцать серебряных сиклей, а один сикль — двадцать девять кнатов, это просто, да?;"""How often do you check to see if anyone's inside?"""
167;— А теперь нам нужен сейф семьсот тринадцать… и… э-э… пожалуйста, нельзя ли помедленнее?;"""Listen, Harry, would yeh mind if I slipped off fer a pick-me-up in the Leaky Cauldron?"
168;— А как часто вы проверяете, нет ли там кого внутри?;"""Hogwarts, clear?"""
169;— Слушай, Гарри, ты… э-э… не против, если я заскочу в «Дырявый котел» и пропущу стаканчик?;"""Hello,"" said the boy, ""Hogwarts, too?"""
170;— Едем учиться в Хогвартс?;"""Have you got your own broom?"""
171;— Тоже в Хогвартс?;"""Play Quidditch at all?"""
172;— А у тебя есть своя собственная метла?;"Know what house you'll be in yet?"""
173;— А в квиддич играешь?;"""Well, no one really knows until they get there, do they, but I know I'll be in Slytherin, all our family have been -- imagine being in Hufflepuff, I think I'd leave, wouldn't you?"""
174;Ты уже знаешь, на каком будешь факультете?;"He's a sort of servant, isn't he?"""
175;А представь, если определят в Пуффендуй, тогда я сразу уйду из школы, а ты?;"""Do you?"""
176;Он там что-то вроде прислуги, да?;"""Why is he with you?"
177;— Вот как?;"Where are your parents?"""
178;— А почему он с тобой?;"""But they were our kind, weren't they?"""
179;Где твои родители?;"""I really don't think they should let the other sort in, do you?"
180;— Но они были из наших или нет?;"What's your surname, anyway?"""
181;Кстати, а как твоя фамилия?;"""What's up?"""
182;— Чой-то случилось?;"When they had left the shop, he said, ""Hagrid, what's Quidditch?"""
183;— Хагрид, а что такое квиддич?;"""So what is Quidditch?"""
184;— Черт меня подери, Гарри, разве можно не знать, что такое квиддич?!;"""And what are Slytherin and Hufflepuff?"""
185;Да вот хоть маму твою возьми и сестру ее…  — Ты мне так и не ответил: что такое квиддич?;"""Vol-, sorry - You-Know-Who was at Hogwarts?"""
186;В него в воздухе играют, на метлах, и там четыре мяча… ну… сложно это, в общем, тебе все объяснять, правила и все такое…  — А что такое Слизерин и Пуффендуй?;"How nice to see you again.... Oak, sixteen inches, rather bendy, wasn't it?"""
187;— Волан… извини… Ты-Знаешь-Кто учился в Хогвартсе?;"But I suppose they snapped it in half when you got expelled?"""
188;Рад видеть вас снова… Дуб, шестнадцать дюймов, очень подвижная, не так ли?;"""But you don't use them?"""
189;Но, как я понимаю, ее переломили надвое, когда вас отчислили?;"""Which is your wand arm?"""
190;— Надеюсь, вы их не используете?;"""Tricky customer, eh?"
191;— Какой рукой вы держите палочку?;"Well, well, well... how curious... how very curious... ""  He put Harry's wand back into its box and wrapped it in brown paper, still muttering, ""Curious... curious..  ""Sorry,"" said Harry, ""but what's curious?"""
192;— Я?..;"""You all right, Harry?"
193;— А вы необычный клиент, мистер Поттер, не так ли?;How can they expect great things?
194;Не волнуйтесь, где-то здесь у меня лежит то, что вам нужно… а кстати… действительно, почему бы и нет?;"""Er -- Uncle Vernon?"""
195;Так, так, так… очень любопытно… чрезвычайно любопытно…  Мистер Олливандер уложил палочку обратно в коробку и начал упаковывать ее в коричневую бумагу, продолжая бормотать:  — Любопытно… очень любопытно…  — Извините, — спросил Гарри, — что именно кажется вам любопытным?;"""Would it be all right if you gave me a lift?"""
196;Я ведь вам говорил, что палочка выбирает волшебника, а не наоборот?;"Magic carpets all got punctures, have they?"""
197;— С тобой все нормально, Гарри?;"""Where is this school, anyway?"""
198;Как они могут ожидать от меня чего-то великого?;"""Platform what?"""
199;— Вы не могли бы меня отвезти?;"""Why are you going to London?"""
200;А что, все волшебные ковры-самолеты съедены молью?;"Your platform should be somewhere in the middle, but they don't seem to have built it yet, do they?"""
201;— А где, кстати, находится эта школа?;What on earth was he going to do?
202;— Какой платформы?;"""Now, what's the platform number?"""
203;— А зачем вам в Лондон?;"""Honestly, woman, you call yourself our mother?"
204;Но у кого?;"CarA you tell I'm George?"""
205;— Так, какой у вас номер платформы?;His twin called after him to hurry up, and he must have done so, because a second later, he had gone -- but how had he done it?
206;— Скажи мне честно, женщина, как ты можешь называть себя нашей матерью?;"""First time at Hogwarts?"
207;Разве ты не видишь, что я — Джордж?;"""The thing is -- the thing is, I don't know how to --""  ""How to get onto the platform?"""
208;И через мгновение Фред исчез из виду, а Гарри никак не мог понять, как ему это удалось?;"""Want a hand?"""
209;— Первый раз едешь в Хогвартс?;"""What's that?"""
210;— Помощь нужна?;"""Aren't you?"""
211;— Что это у тебя?;"""What?"""
212;— Это ведь ты?;"""Fred?"
213;— Кто — я?;George?
214;— Гарри Поттер — это ты?;"Are you there?"""
215;— Фред?;"""Aaah, has ickle Ronnie got somefink on his nosie?"""
216;Джордж?;"""Where's Percy?"""
217;Вы здесь?;"""I'm up front, the prefects have got two compartments to themselves --""  ""Oh, are you a prefect, Percy?"""
218;— А где Перси?;"""How come Percy gets new robes, anyway?"""
219;— Я там, в самом начале поезда, — там выделили вагон для старост…  — Так ты теперь староста, Перси?;"If I get one more owl telling me you've -- you've blown up a toilet or --""  ""Blown up a toilet?"
220;— А почему это, собственно, у Перси новая форма, а у нас старая?;"""Hey, Mom, guess what?"
221;Если я еще раз получу сову с известием о том, что вы что-то натворили — взорвали туалет или…  — Взорвали туалет?;"Guess who we just met on the train?"""
222;— А может, попробуем?;"""You know that black-haired boy who was near us in the station?"
223;— Угадай, кого мы только что встретили в поезде?;"Know who he is?"""
224;— Помнишь черноволосого мальчишку, который стоял рядом с нами на вокзале?;"""Who?"""
225;— Знаешь, кто он?;Is he really, Fred?
226;— Кто же?;"How do you know?"""
227;— Ой, мам, можно, я залезу в вагон и посмотрю на него?;"""Never mind that, do you think he remembers what You-Know-Who looks like?"""
228;Так это действительно он, Фред?;"""Anyone sitting there?"""
229;Откуда ты это знаешь?;"""Harry,"" said the other twin, ""did we introduce ourselves?"
230;— Я все еще думала: почему его никто не провожает?;"""Are you really Harry Potter?"""
231;— Как ты думаешь, он помнит, как выглядит Ты-Знаешь-Кто?;"""Nothing?"""
232;Неужели ему нужно напоминать об этом именно сегодня?;"""Are all your family wizards?"""
233;— Здесь свободно?;"""What are they like?"""
234;— Ты действительно Гарри Поттер?;"""What?"""
235;— Совсем ничего не помнишь?;See what I mean?
236;— Ну вообще ничего?;"Around half past twelve there was a great clattering outside in the corridor and a smiling, dimpled woman slid back their door and said, ""Anything off the cart, dears?"""
237;— У тебя в семье все волшебники?;"""Hungry, are you?"""
238;— Какие они вообще?;"""What are these?"""
239;— Ты что?;"""They're not really frogs, are they?"""
240;Теперь ты понял, о чем я говорил?;"""What?"""
241;— Хотите чем-нибудь перекусить, ребята?;"""Can I have a frog?"
242;— Ты такой голодный?;No, I've got Morgana again and I've got about six of her... do you want it?
243;— А это что?;"""Do they?"
244;— Это ведь не настоящие лягушки, правда?;"What, they don't move at all?"""
245;— Будешь есть, вкладыш не выбрасывай — у меня Агриппы не хватает…  — Что?;"""Bleaaargh -- see?"
246;Может, возьмешь и начнешь собирать коллекцию?;"""Sorry,"" he said, ""but have you seen a toad at all?"""
247;— Кстати, ты знаешь, что у маглов, если человека фотографируют, то он никуда не исчезает с фотографии?;"""Has anyone seen a toad?"
248;— Да ты что?;"""Oh, are you doing magic?"
249;— Что, они вообще не двигаются?;"""Are you sure that's a real spell?"""
250;— Вы тут не видели жабу?;"""Well, it's not very good, is it?"
251;— Никто не видел жабу?;"""Are you really?"""
252;Так вы ее видели или нет?;"""Am I?"""
253;— О, ты показываешь чудеса?;"""Do either of you know what house you'll be in?"
254;— Ты уверен, что это правильное заклинание?;"""What house are your brothers in?"""
255;— Что-то оно не действует, ты не заметил?;"""That's the house Vol-, I mean, You-Know-Who was in?"""
256;Да, кстати, меня зовут Гермиона Грэйнджер, а вас?;"""So what do your oldest brothers do now that they've left, anyway?"""
257;— Ты действительно Гарри Поттер?;"""Did you hear about  Gringotts?"
258;— Да?;"""Really?"
259;— Господи, неужели ты не знал?;"What happened to them?"""
260;Да, вы не знаете, на какой факультет попадете?;"""What's your Quidditch team?"""
261;— А на каком факультете учатся твои братья?;"""Is it true?"""
262;— Это тот факультет, где учился Волан… Ты-Знаешь-Кто?;"So it's you, is it?"""
263;— А твои старшие братья, которые уже кончили школу, они чем сейчас занимаются?;"""Think my name's funny, do you?"
264;— Ты слышал о «Гринготтсе»?;"""Oh, you're going to fight us, are you?"""
265;А что там на днях случилось, слышал?;"""But we don't feet like leaving, do we, boys?"
266;— На самом деле?;"""What has been going on?"""
267;И что случилось с грабителями?;"""You've met Malfoy before?"""
268;— Ты за какую команду болеешь?;"""Can we help you with something?"""
269;— Это правда?;You haven't been fighting, have you?
270;Значит, это ты, верно?;"""Would you mind leaving while we change?"""
271;— Мое имя тебе кажется смешным, не так ли?;"""And you've got dirt on your nose, by the way, did you know?"""
272;— О, вы собираетесь с нами драться, не так ли?;"All right there, Harry?"""
273;— О, мы вовсе не собираемся уходить, правда, ребята?;"""C'mon, follow me -- any more firs' years?"
274;— Что тут у вас происходит?;"""Everyone in?"""
275;— Ты раньше встречался с Малфоем?;"Is this your toad?"""
276;Гермиона все еще стояла на пороге купе, и Рон повернулся к ней:  — Мы можем тебе чем-нибудь помочь?;"""Everyone here?"
277;А вы тут что, дрались?;"You there, still got yer toad?"""
278;— Может быть, ты выйдешь и дашь нам переодеться?;"""How exactly do they sort us into houses?"""
279;— А у тебя, между прочим, грязь на носу, ты знаешь?;A test?
280;Эй, Гарри, у тебя все в порядке?;In front of the whole school?
281;— Так, все собрались?;But he didn't know any magic yet -- what on earth would he have to do?
282;— Расселись?;"""What the --?"""
283;— Это твоя жаба?;"What looked like a fat little monk was saying: ""Forgive and forget, I say, we ought to give him a second chance --""  ""My dear Friar, haven't we given Peeves all the chances he deserves?"
284;— Все здесь?;"He gives us all a bad name and you know, he's not really even a ghost -- I say, what are you all doing here?"""
285;— Эй, ты не потерял еще жабу?;"""About to be Sorted, I suppose?"""
286;— А как будет проходить этот отбор?;What if he wasn't chosen at all?
287;Испытания?;What if he just sat there with the hat over his eyes for ages, until Professor McGonagall jerked it off his head and said there had obviously been a mistake and he'd better get back on the train?
288;Перед всей школой?;"""Potter, did she say?"""
289;И что же он в таком случае будет делать?;"The Harry Potter?"""
290;— Что?..;"So where shall I put you?"""
291;— Я считаю, что мы просто обязаны дать ему еще один шанс…  — Мой дорогой Проповедник, разве мы не предоставили Пивзу больше шансов, чем он того заслужил?;"""Not Slytherin, eh?"""
292;— Эй, а вы что здесь делаете?;"""Are you sure?"
293;— Ждете отбора, я полагаю?;You could be great, you know, it's all here in your head, and Slytherin will help you on the way to greatness, no doubt about that -- no?
294;«Интересно, зачем она здесь?;"""Is he -- a bit mad?"""
295;— Может быть, надо попытаться достать из нее кролика, как это делают фокусники в цирке?»  Он огляделся, заметив, что все собравшиеся неотрывно смотрят на Шляпу, и тоже начал внимательно ее разглядывать.;"""Mad?"""
296;— Значит, каждому из нас нужно будет всего лишь ее примерить?;"Potatoes, Harry?"""
297;«А что, если Шляпа решит, что я не подхожу ни для одного из факультетов?» — подумал он.;"""That does look good,"" said the ghost in the ruff sadly, watching Harry cut up his steak,  ""Can't you --?"""
298;— Она сказала Поттер?;I don't think I've in troduced myself?
299;— Тот самый Гарри Поттер?;"""Nearly Headless?"
300;И таланта хватает — о да, мой бог, это так, — и имеется весьма похвальное желание проявить себя, это тоже любопытно… Так куда мне тебя определить?;"How can you be nearly headless?"""
301;— Ага, значит, не в Слизерин?;I hope you're going to help us win the house championship this year?
302;— Ты уверен?;"""How did he get covered in blood?"""
303;Знаешь ли, ты можешь стать великим, у тебя есть все задатки, я это вижу, а Слизерин поможет тебе достичь величия, это несомненно… Так что — не хочешь?;"""What about you, Neville?"""
304;— Он… он немного ненормальный?;"""What is it?"""
305;— Ненормальный?;"""Who's that teacher talking to Professor Quirrell?"""
306;Как насчет жареной картошки, Гарри?;"""Oh, you know Quirrell already, do you?"
307;— Почти безголовый?;"""He's not serious?"""
308;Как можно быть почти безголовым?;"""Do you want me to go to the Bloody Baron?"""
309;Надеюсь, вы поможете нам выиграть в этом году соревнование между факультетами?;"""Password?"""
310;— А как получилось, что он весь в крови?;"Great food, isn't it?"""
311;— А ты, Невилл?;"""Where?"""
312;— Что случилось?;"""Wearing the glasses?"""
313;— А кто это там разговаривает с профессором Квирреллом?;"""Did you see his face?"""
314;— А, ты уже знаешь Квиррелла?;"""Did you see his scar?"""
315;— Он ведь шутит?;"""What have we got today?"""
316;— Ты хочешь, чтобы я пошел к Кровавому Барону и рассказал ему, что здесь происходит?;It said, in a very untidy scrawl:   Dear Harry,  I know you get Friday afternoons off, so would you like to come and have a cup of tea with me around three?
317;— Пароль?;"""What would I get if I added powdered root of asphodel to an infusion of wormwood?"""
318;— Классно поели, правда?;Powdered root of what to an infusion of what?
319;— Где?;"Potter, where would you look if I told you to find me a bezoar?"""
320;— Это который в очках?;"""Thought you wouldn't open a book before coming, eh, Potter?"""
321;— Ты видел его лицо?;He had looked through his books at the Dursleys', but did Snape expect him to remember everything in One Thousand Magical Herbs and Fungi?
322;— Ты видел его шрам?;"""What is the difference, Potter, between monkshood and wolfsbane?"""
323;— Что у нас там сегодня?;"""I think Hermione does, though, why don't you try her?"""
324;— Что получится, если я смешаю измельченный корень асфоделя с настойкой полыни?;Well?
325;«Измельченный корень чего с настойкой чего?» — хотел переспросить Гарри, но не решился.;"Why aren't you all copying that down?"""
326;— Если я попрошу вас принести мне безоаровый камень, где вы будете его искать?;"""I suppose you added the porcupine quills before taking the cauldron off the fire?"""
327;— Похоже, вам и в голову не пришло почитать учебники, прежде чем приехать в школу, так, Поттер?;"""You -- Potter -- why didn't you tell him not to add the quills?"
328;По правде, он читал свои новые учебники, пока жил у Дурслей, но неужели Снегг рассчитывал на то, что он наизусть выучит «Тысячу волшебных растений и грибов»?;Thought he'd make you look good if he got it wrong, did you?
329;— Хорошо, Поттер, а в чем разница между волчьей отравой и клобуком монаха?;He'd lost two points for Gryffindor in his very first week -- why did Snape hate him so much?
330;— Но мне кажется, что Гермиона это точно знает, почему бы вам не спросить ее?;"Can I come and meet Hagrid with you?"""
331;Поняли?;"""Another Weasley, eh?"""
332;— Как я понимаю, прежде чем снять котел с огня, вы добавили в зелье иглы дикобраза?;D'yeh know, every time I go up ter the school, she follows me everywhere?
333;— Вы, Поттер, почему вы не сказали ему, что нельзя добавлять в зелье иглы дикобраза?;"""Why should he?"""
334;Или вы подумали, что если он ошибется, то вы будете выглядеть лучше его?;"""How's yer brother Charlie?"""
335;Знаешь, сколько штрафов они у него получили?;Had that been what the thieves were looking for?
336;Слушай, а можно, я пойду с тобой к Хагриду?;Had Hagrid collected that package just in time?
337;— Еще один Уизли, а?;Where was it now?
338;— С чего бы это ему?;And did Hagrid know something about Snape that he didn't want to tell Harry?
339;— А как твой брат Чарли?;"""What's going on?"""
340;Не это ли искали воры?;"""Well, what are you all waiting for?"""
341;Если Гарри был прав, то Хагрид забрал из сейфа сверток как раз вовремя, но случайно или нет?;"""Did you see his face, the great lump?"""
342;И где этот сверток хранится теперь?;"""Ooh, sticking up for Longbottom?"""
343;Ведь чтобы его не выкрали, требуется гораздо более надежное место, чем «Гринготтс»?;"""I think I'll leave it somewhere for Longbottom to find -- how about -- up a tree?"""
344;Но теперь…  — Откуда ты знаешь, кто будет выглядеть дураком?;"""Oh, yeah?"""
345;— Что происходит?;What would the Dursleys say when he turned up on the doorstep?
346;— Ну и чего вы ждете?!;"""Excuse me, Professor Flitwick, could I borrow Wood for a moment?"""
347;— Вы видели его физиономию?;Wood?
348;— О-о-о, ты заступаешься за этого придурка Долгопупса?;"thought Harry, bewildered; was Wood a cane she was going to use on him?"
349;— Да ну?;"""Are you serious, Professor?"""
350;— Что, Малфой, заскучал?;"Was that your first time on a broomstick, Potter?"""
351;И что, интересно, скажут Дурсли, когда увидят его на пороге своего дома?;"""Ever seen a game of Quidditch, Potter?"""
352;Наверное, профессор МакГонагалл вела его к Дамблдору — куда же еще?;"""Seeker?"""
353;Может, ему тоже разрешат остаться, может, его назначат помощником Хагрида?;"""Having a last meal, Potter?"
354;— Извините, профессор Флитвик, могу я попросить вас кое о чем?;"When are you getting the train back to the Muggles?"""
355;«Вуд?;What's the matter?
356;— Это еще что такое?»  Вуд оказался человеком.;"Never heard of a wizard's duel before, I suppose?"""
357;— Вы это серьезно, профессор?;"""I'm his second, who's yours?"""
358;Вы в первый раз сели на метлу, Поттер?;"""Midnight all right?"
359;— Когда-нибудь видел, как играют в квиддич, а, Поттер?;"""What is a wizard's duel?"""
360;— Ловец?;"""And what do you mean, you're my second?"""
361;— Последний школьный обед, Поттер?;"""And what if I wave my wand and nothing happens?"""
362;— Уезжаешь обратно к маглам?;"""Can't a person eat in peace in this place?"""
363;Во сколько у тебя поезд?;"""Now what am I going to do?"""
364;Что с тобой, Поттер?;"""D'you think I'm going to stand out here and wait for Filch to catch me?"
365;— Я буду его секундантом, а кого возьмешь ты?;"Norris?"""
366;— Полночь вас устраивает?;"""How's your arm?"""
367;— Что это за дуэль?;"""You realize that, don't you?"
368;— И что это значит: ты будешь моим секундантом?;"""Wandering around at midnight, Ickle Firsties?"
369;— А если я взмахну палочкой и ничего не произойдет?;"""Which way did they go, Peeves?"""
370;— Можно здесь поесть спокойно?;"""Don't mess with me, Peeves, now where did they go?"""
371;— Ты?;"""What?"""
372;— И что же мне теперь делать?;"""Where on earth have you all been?"""
373;— Вы думаете, я буду тут стоять и ждать, пока меня не схватит Филч?;"""What do they think they're doing, keeping a thing like that locked up in a school?"""
374;— Как твоя рука?;"""You don't use your eyes, any of you, do you?"""
375;— Он опаздывает — может, струсил?;"""The floor?"""
376;— Надеюсь, ты это уже понял?;The dog was guarding something.... What had Hagrid said?
377;— Шатаетесь по ночам, маленькие первокурснички?;"What did you say you've got at home, Malfoy, a Comet Two Sixty?"""
378;— Куда они побежали, Пивз?;"""Not arguing, I hope, boys?"""
379;Итак, куда они побежали?;"And what model is it?"""
380;— Ну что тебе?;"""Well, it's true,"" Harry chortled as they reached the top of the marble staircase, ""If he hadn't stolen Neville's Remembrall I wouln't be on the team....""  ""So I suppose you think that's a reward for breaking rules?"""
381;— Где вы были?;"""I thought you weren't speaking to us?"""
382;— Что они себе, интересно, думают?;"Follow me?"""
383;— А зачем вам глаза, хотела бы я знать?;"""So -- that's sort of like basketball on broomsticks with six hoops, isn't it?"""
384;— Вы что, не видели, на чем этот пес стоял?;"""What's basketball?"""
385;А что ты там говорил, Малфой, насчет той метлы, которую оставил дома?;"So what are they for?"""
386;Кажется, это «Комета-260»?;"""See?"""
387;— Да что ты понимаешь в метлах, Уизли?;"So -- think you've got all that?"""
388;— Надеюсь, вы тут не ссоритесь, мальчики?;"""Er -- have the Bludgers ever killed anyone?"""
389;А что это за модель?;"""Well, that's it -- any questions?"""
390;— Если бы Малфой не схватил напоминалку Невилла, то я не вошел бы в команду…  — Значит, ты полагаешь, что это награда за то, что ты нарушил школьные правила?;"""So?"""
391;Понял?;"""How could a troll get in?"""
392;— Значит, квиддич — это нечто вроде баскетбола на метлах и с шестью кольцами?;"""What about her?"""
393;— А что такое баскетбол?;"""What's he doing?"""
394;А эти зачем?;"""Why isn't he down in the dungeons with the rest of the teachers?"""
395;— Видишь?;"""Can you smell something?"""
396;Таким образом… Ты точно все запомнил?;It was the last thing they wanted to do, but what choice did they have?
397;— А бладжеры еще никого не убили?;"""Is it -- dead?"""
398;Ну, есть вопросы?;"""What on earth were you thinking of?"""
399;— Ну и что?;"Why aren't you in your dormitory?"""
400;— Как мог тролль пробраться в замок?;Hermione Granger, telling a downright lie to a teacher?
401;— Не спрашивай меня, откуда я знаю?;"""Well -- in that case..."" said Professor McGonagall, staring at the three of them, ""Miss Granger, you foolish girl, how could you think of tackling a mountain troll on your own?"""
402;Может, его впустил Пивз, решил так пошутить перед Хэллоуином?;"""What's that you've got there, Potter?"""
403;— А что Гермиона?;"""Wonder what's wrong with his leg?"""
404;— Что это он тут делает?;"She would never let them copy (""How will you learn?"
405;— Почему он не в подвалах вместе с другими учителями?;Why should he be afraid of Snape?
406;— Думаешь, я знаю?;Perhaps Snape had left the book in there?
407;— Чувствуешь запах?;"""How are you supposed to keep your eyes on all three heads at once?"""
408;Меньше всего на свете им хотелось совершить то, что им предстояло, но разве у них был выбор?;"""Did you get it?"""
409;— Он… он мертв?;"""What's the matter?"""
410;— О чем, позвольте вас спросить, вы думали?;"""You know what this means?"""
411;Почему вы не в спальне?;But what's he after?
412;Кто бы мог поверить, что Гермиона Грэйнджер — подумать только, Гермиона Грэйнджер — врет в лицо преподавателю?!;"What's that dog guarding?"""
413;— Мисс Грэйнджер, глупая вы девочка, как вам могло прийти в голову, что вы сами сможете усмирить горного тролля?!;"No sign of the Snitch yet, eh?"""
414;— Что это там у вас, Поттер?;"""All right there, Harry?"""
415;— Интересно, что у него с ногой?;"""Slytherin in possession,"" Lee Jordan was saying, ""Chaser Pucey ducks two Bludgers, two Weasleys, and Chaser Bell, and speeds toward the -- wait a moment -- was that the Snitch?"""
416;Она никогда не давала им списывать, — «Как же вы тогда чему-нибудь научись?» — но зато согласилась проверять их домашние работы, и таким образом они все равно узнавали от нее правильные ответы.;"""What are you talking about, Dean?"""
417;Гарри спросил себя, почему, собственно, он должен бояться профессора Снегга?;"""Did something happen to it when Flint blocked him?"""
418;— Хотел бы я знать, сможет ли кто-нибудь следить одновременно за всеми тремя головами и пастями и избежать того, чтобы одна из них его не цапнула?;"""What are you doing?"""
419;— Удалось?;"""What should we do?"""
420;— Эй, что с тобой?;"""Why would Snape do somethin' like that?"""
421;— Поняли, что все это значит?;"""How do you know about Fluffy?"""
422;Но за чем именно он охотится?;"""Fluffy?"""
423;Что охраняет этот пес?;"""Yeah -- he's mine -- bought him off a Greek chappie I met in the pub las' year -- I lent him to Dumbledore to guard the  ""Yes?"""
424;Снитч не появлялся еще, нет?;"""So why did he just try and kill Harry?"""
425;— Все нормально, Гарри?;"said Harry, ""so there's someone called Nicolas Flamel involved, is there?"""
426;— Охотник Пьюси уклоняется от бладжера, еще от одного, обводит близнецов Уизли и Кэти Белл и устремляется к… Стоп, не снитч ли это?;"""Hi, Hagrid, want any help?"""
427;Да, кстати, а что такое красная карточка?;"""Would you mind moving out of the way?"""
428;— Не пойму я, чего там Гарри творит?;"""Are you trying to earn some extra money, Weasley?"
429;Чего он себе думает, а?;"""Ah, Hagrid, the last tree -- put it in the far corner, would you?"""
430;— Может быть, с ней что-то случилось, когда в него врезался Флинт?;"""How many days you got left until yer holidays?"""
431;— Ты что делаешь?;"""The library?"""
432;— И что же нам делать?;"""Just before the holidays?"
433;— Зачем Снеггу делать такое?;"Bit keen, aren't yeh?"""
434;— А вы откуда про Пушка разузнали?;"""You what?"""
435;— Про Пушка?;"""Unless you'd like to tell us and save us the trouble?"""
436;— А потом я Пушка одолжил Дамблдору — чтоб охранять…  — Что?;They had indeed been searching books for Flamel's name ever since Hagrid had let it slip, because how else were they going to find out what Snape was trying to steal?
437;Самый секретный секрет, понятно вам?;"""What are you looking for, boy?"""
438;— А зачем же он тогда пытался убить Гарри?;"""You will keep looking while I'm away, won't you?"""
439;— Значит, тут замешан некто по имени Николас Фламель, верно?;"""Don't send me there, can't you see his knight?"
440;— Привет, Хагрид, помощь не нужна?;"""Will you look at this?"
441;— А ты, Уизли, как я понимаю, пытаешься немного подзаработать?;"""What did you expect, turnips?"""
442;Я полагаю, после окончания школы ты планируешь остаться здесь в качестве лесника?;"This is money?"""
443;— Отлично, Хагрид, это ведь последнее дерево?;"""Hagrid and my aunt and uncle -- so who sent these?"""
444;— Пожалуйста, поставьте его в дальний угол, хорошо?;"""What is it?"""
445;— Сколько там вам осталось до каникул-то?;"What's the matter?"""
446;— В библиотеку?;Who had sent the cloak?
447;— Перед каникулами?;Had it really once belonged to his father?
448;— Что?;"""Why aren't you wearing yours, Ron?"""
449;Может быть, ты хотя бы намекнешь, где нам о нем прочитать?;Should Harry wake him?
450;А как еще они могли узнать, что пытался украсть Снегг?;"""Who's there?"""
451;— Что ты здесь ищешь, мальчик?;Where should he go?
452;— Вы ведь будете продолжать искать, когда я уеду на каникулы?;"Wherever he was, Filch must know a shortcut, because his soft, greasy voice was getting nearer, and to his horror, it was Snape who replied, ""The Restricted Section?"
453;К тому же Гарри был не слишком хорошим игроком, и фигурки постоянно давали ему советы, сбивая его с толку:  «Не посылай меня туда, разве ты не видишь вражеского коня?;Or were they all invisible, too?
454;— И это деньги?;Was he in fact in a room full of invisible people and this mirror's trick was that it reflected them, invisible or not?
455;Такой формы?;"""Mom?"""
456;— Интересно, кто еще мог прислать мне подарок, кроме Дурслей и Хагрида?;"""Dad?"""
457;— А что это?;"Have some bacon or something, why aren't you eating anything?"""
458;Эй, да что с тобой?;Who cared what the three headed dog was guarding?
459;И все время спрашивал себя, неужели она на самом деле принадлежала его отцу?;What did it matter if Snape stole it, really?
460;— А ты почему не надел свой свитер, Рон?;"""Are you all right?"""
461;— Что тут за шум?;"""See?"""
462;О каком сне могла идти речь, когда его переполняло возбуждение?;"""Can you see all your family standing around you?"""
463;— Кто здесь?;"""What?"""
464;— Значит, в Особой секции?;"""Do you think this mirror shows the future?"""
465;Или, может, они тоже были невидимы?;"""How can it?"
466;Может, это была комната, населенная невидимками, а хитрость зеркала в том и состояла, что в нем отражались все, неважно, видимы они или нет?;"""You're only holding the Quidditch cup, what's interesting about that?"
467;— Мама?;Ron and Harry stood quite still, both thinking the same thing -- did the cloak work on cats?
468;— Папа?;"""Want to play chess, Harry?"""
469;Кстати, может, это зеркало показывает только тех, кто уже умер?;"""Why don't we go down and visit Hagrid?"""
470;Возьми бекон, чего это ты ничего не ешь?;"""Why not?"""
471;Какая разница, кто такой этот Фламель?;So what if they can't see you?
472;Зачем ему знать, что охраняет трехголовый пес?;What if they walk into you?
473;И какое ему дело до того, украдет Снегг то, что охраняет пес, или нет?;"What if you knock something over?"""
474;— Ты в порядке?;"Except --  ""So -- back again, Harry?"""
475;— Видишь?;"""But I expect you've realized by now what it does?"""
476;— Ты видишь вокруг себя родителей и братьев?;"""How did you know --?"""
477;— Что?;"""Now, can you think what the Mirror of Erised shows us all?"""
478;— Как ты думаешь, зеркало показывает будущее?;"Does that help?"""
479;При чем тут будущее?;"Now, why don't you put that admirable cloak back on and get off to bed?"""
480;— Подожди немного, я быстро…  — Ну на что тебе смотреть — ты ведь всего лишь держишь в руках Кубок школы по квиддичу, что тут интересного?;"""Sir -- Professor Dumbledore?"
481;Рон и Гарри замерли, стараясь не дышать и думая об одном и том же — распространяется ли действие мантии на кошек?;"Can I ask you something?"""
482;* * *   — Хочешь сыграть в шахматы?;"""What do you see when you look in the mirror?"""
483;— Тогда почему бы нам не выйти из замка и не навестить Хагрида?;"""I?"
484;— Почему?;"""Snape's refereeing?"""
485;Кроме…  — Итак, ты снова здесь, Гарри?;"""When's he ever refereed a Quidditch match?"
486;— Но я надеюсь, что ты уже знаешь, что показывает это зеркало?;"""What's the matter with you?"
487;— Откуда вы знаете?;"""What happened?"""
488;— Итак… что, на твой взгляд, показывает всем нам зеркало Еиналеж?;"""The Sorting Hat chose you for Gryffindor, didn't it?"
489;Ты меня понял?;And where's Malfoy?
490;Другие сходили с ума оттого, что не могли понять, сбудется ли то, что предсказало им зеркало, гарантировано им это будущее или оно просто возможно?;"I think I'll go to bed.... D'you want the card, you collect them, don't you?"""
491;А теперь, почему бы тебе не надеть эту восхитительную мантию и не вернуться в спальню?;"""Light?"""
492;— Могу я задать вам один вопрос?;"""Are we allowed to speak yet?"""
493;— Что вы видите, когда смотрите в зеркало?;"""The what?"""
494;— Я?;"""Oh, honestly, don't you two read?"
495;— Судить будет Снегг?;"""See?"""
496;— А что я могу поделать?;"""He's not exactly recent if he's six hundred and sixty-five, is he?"""
497;— Что с тобой?;The idea of overtaking Slytherin in the house championship was wonderful, no one had done it for seven years, but would they be allowed to, with such a biased referee?
498;— Что случилось?;Could Snape possibly know they'd found out about the Sorcerer's Stone?
499;Ну а где оказался этот Малфой?;"""Dumbledore?"""
500;— Наверно, я пойду посплю… Да, вот карточка — ты ведь их собираешь, верно?;"""Wonder how long Potter's going to stay on his broom this time?"
501;— Легкого?;Anyone want a bet?
502;— Нам уже можно говорить?;"What about you, Weasley?"""
503;— Создатель чего?;"""You know how I think they choose people for the Gryffindor team?"""
504;Вы что, книг не читаете?;"said Hermione suddenly, ""Harry --""  ""What?"
505;— Поняли?;"Where?"""
506;Иногда он даже спрашивал себя, не следит ли Снегг за ним, пытаясь подловить его на чем-нибудь или сделать ему что-нибудь плохое?;Where are you?
507;Может быть, он каким-то образом догадался, что они узнали о философском камне?;Snape, sneaking into the forest while everyone else was at dinner -- what was going on?
508;— Дамблдор?;"""Have you found out how to get past that beast of Hagrid's yet?"""
509;— Интересно, как долго Поттеру удастся удержаться на метле на этот раз?;"""Harry, where have you been?"""
510;— Кто-нибудь хочет поспорить?;"He asked if he knew how to get past Fluffy - and he said something about Quirrell's 'hocus pocuss-- I reckon there are other things guarding the stone apart from Fluffy, loads of enchantments, probably, and Quirrell would have done some anti-Dark Arts spell that Snape needs to break through --""  ""So you mean the Stone's only safe as long as Quirrell stands up to Snape?"""
511;Может, ты, Уизли?;"""What am I studying for?"
512;— Я стою десятка таких, как ты, понял?;Are you crazy?
513;Где ты?!;You realize we need to pass these exams to get into the second year?
514;— …Н-н-не знаю, п-почему вы ре-ре-решили в-встретиться именно здесь, С-С-Северус?;"What are you doing in the library?"""
515;— Вы уже узнали, как пройти мимо этого трехголового зверя, выращенного Хагридом?;"""An' what're you lot up ter?"""
516;* * *   — Гарри, ты где был?;"""Yer not still lookin' fer Nicolas Flamel, are yeh?"""
517;А Невилл в одиночку кинулся на Крэбба и Гойла, представляешь?!;"""Don' go shoutin' about it, what's the matter with yeh?"""
518;Возможно, Квиррелл наложил несколько своих заклятий против Темных сил, и Снеггу надо узнать, как развеять эти чары…  — То есть ты хочешь сказать, что камень будет в безопасности до тех пор, пока Квиррелл не сломается под напором Снегга?;"""What was he hiding behind his back?"""
519;— И зачем нам все повторять, тем более тебе, ведь ты и так все знаешь?;"""Do you think it had anything to do with the Stone?"""
520;— Зачем повторять?!;"""But there aren't wild dragons in Britain?"""
521;— Ты что, с ума сошел?;"""So what on earths Hagrid up to?"""
522;Ты понимаешь, что для того, чтобы перейти на второй курс, нам надо сдать экзамены?;"Hagrid called ""Who is it?"""
523;Что ты здесь делаешь?;"""So -- yeh wanted to ask me somethin'?"""
524;— А вы-то тут чего?;It Was almost stolen outta Gringotts - I s'ppose yeh've worked that out an' all?
525;Неужто все Николаса Фламеля ищете?;"""Snape?"""
526;— Ты чего… чего об этом кричишь, что с тобой случилось-то?;"""Yeah -- yer not still on abou' that, are yeh?"
527;— Скажи, кто и что, кроме Пушка, охраняет камень?;"aren't you, Hagrid?"""
528;— Интересно, что он там прятал за спиной?;"""And you wouldn't tell anyone, would you?"
529;— Хочешь сказать, что это может быть связано с философским камнем?;"Not even one of the teachers?"""
530;— Но в Британии драконов конечно же нет?;"""Hagrid, can we have a window open?"
531;— Интересно, что задумал Хагрид?;"""Hagrid -- what's that?"""
532;— Ну так что… вы вроде спросить чего хотели?;"""Ah,"" said Hagrid, fiddling nervously with his beard, ""That's er...""  ""Where did you get it, Hagrid?"""
533;— Снегг?;"""But what are you going to do with it when it's hatched?"""
534;— Вы чего, опять про это?;"""Hermione, how many times in our lives are we going to see a dragon hatching?"""
535;Кончайте, ладно?;How much had he heard?
536;— Да как вы не поймете — Снегг… ну… помогает камень охранять, зачем ему его воровать-то?;"""Isn't he beautiful?"""
537;Похоже, Снегг уже выведал все, что ему надо, кроме того, заклинание, которое наложил Квиррелл, и еще…  — Ведь только ты знаешь, как пройти мимо Пушка, правда, Хагрид?;"""Hagrid,"" said Hermione, ""how fast do Norwegian Ridgebacks grow, exactly?"""
538;— И ты ведь никому об этом не расскажешь, верно?;"""What's the matter?"""
539;Даже никому из преподавателей?;"Where's Mommy?"""
540;— Слушай, Хагрид, может, откроем окно?;"""I'm Ron, remember?"""
541;Что это?!;"""How about it, Hagrid?"""
542;— Ну… это…  — Где ты его взял, Хагрид?;Dear Ron,  How are you?
543;— А что ты будешь делать, когда из него вылупится дракон?;Could you get the Ridgeback up the tallest tower at midnight on Saturday?
544;— Ну разве не красавчик?;He didn't know whether it was safe to go to Madam Pomfrey -- would she recognize a dragon bite?
545;— восхитился Хагрид  — Хагрид, а как быстро растут норвежские горбатые драконы?;No more dragon -- Malfoy in detention -- what could spoil their happiness?
546;— Что случилось?;How could they have been so stupid as to forget the cloak?
547;Где твоя мамочка?;Had Harry thought that things couldn't have been worse?
548;— Меня зовут Рон, ты забыл?;"I suppose you think it's funny that Longbottom here heard the story and believed it, too?"""
549;— Как тебе идея, Хагрид?;"""Fifty?"""
550;Как у тебя дела?;How could they ever make up for this?
551;Как вы посмели ходить по школе посреди ночи?!;What would happen when the rest of Gryffindor found out what they'd done?
552;— Как вы смеете мне лгать?!;How could they suddenly have a hundred and fifty points fewer than yesterday?
553;Норберт улетел, Малфой им больше не угрожал и разве могло что-нибудь омрачить их радость?;"""They've never lost a hundred and fifty points in one go, though, have they?"""
554;Видимо, вы полагаете, что это смешно, что не только Малфой клюнул на вашу историю, но и Невилл Долгопупс?;"""Resign?"""
555;— Пятьдесят?;"""What good'll that do?"
556;— Не говорите мне, что я могу и чего не могу, вы поняли, Поттер?!;"How are we going to get any points back if we can't win at Quidditch?"""
557;Такого просто не могло быть — ну представьте, как может получиться, что утром у факультета стало на сто пятьдесят очков меньше, чем было вечером?;"So what do we do, Harry?"""
558;— Но они ведь никогда не получали по минус сто пятьдесят очков за один раз?;Snape's only got to say he doesn't know how the troll got in at Halloween and that he was nowhere near the third floor -- who do you think they'll believe, him or us?
559;— Отчислить?!;"I bet you'll think twice about breaking a school rule again, won't you, eh?"""
560;— И что нам это даст?;"""Is that you, Filch?"
561;Если мы не будем выигрывать в квиддич, как же нам тогда зарабатывать очки?;"His relief must have showed in his -face, because Filch said, ""I suppose you think you'll be enjoying yourself with that oaf?"
562;Так что мы будем делать, Гарри?;"""The forest?"""
563;А Снеггу достаточно просто сказать, что он не знает, как в Хэллоуин тролль попал в замок, и что он даже близко не подходил к третьему этажу И кому, как вы думаете, поверят?;"""That's your problem, isn't it?"""
564;Ему или нам?;"""Should've thought of them werewolves before you got in trouble, shouldn't you?"""
565;— Это ты там, что ли, Филч?;"All right, Harry, Hermione?"""
566;Должно быть, испытанное им облегчение нарисовалось на его лице, потому что Филч издевательски произнес:  — Полагаю, ты думаешь, что вы тут развлекаться будете с этим придурком?;"""That's why yer late, is it?"""
567;— В лес?;"""Bin lecturin' them, eh?"
568;Гарри, Гермиона, как дела-то у вас?;What good's that ter anyone?
569;— А, так вот чего ты так опоздал-то?;"""Look there,"" said Hagrid, ""see that stuff shinin' on the ground?"
570;— Все лекции им читал небось, ага?;Silvery stuff?
571;Не тебе этим заниматься, понял?;"""And what if whatever hurt the unicorn finds us first?"""
572;А кому от того польза?;Now, if any of us finds the unicorn, we'll send up green sparks, right?
573;Ну давай, чего стоишь?;"""Could a werewolf be killing the unicorns?"""
574;Гарри почувствовал, как по его коже побежали мурашки, и ему очень хотелось верить, что во всем виноват налетевший ветерок  — Вон смотрите… пятна на земле видите?;"""You all right, Hermione?"""
575;— Серебряные такие, светящиеся?;"""A werewolf?"""
576;— А если то, что ранило единорога, найдет нас?;"""Who's there?"""
577;Если кто находит единорога, зеленые искры посылает, поняли?;And into the clearing came -- was it a man, or a horse?
578;— Может, это волк-оборотень убивает единорогов?;"""How are yeh?"""
579;— Ты в порядке, Гермиона?;"""Were you going to shoot me?"""
580;— Волк-оборотень?;"""Students, are you?"
581;— Кто там?;"And do you learn much, up at the school?"""
582;— Как дела-то?;"""Listen, I'm glad we've run inter yeh, Ronan, 'cause there's a unicorn bin hurt -- you seen anythin'?"""
583;— Ты хотел меня убить?;"""Yeah,"" said Hagrid, ""but have yeh seen anythin', Ronan?"
584;— Значит, вы школьники?;"Anythin' unusual?"""
585;И много вы уже выучили в школе?;"""So yeh haven't noticed anythin' strange?"""
586;Мы тут единорога ищем раненого, ты не видел ничего?;"""All right?"""
587;— Так ты видел чего, а, Ронан?;"""Good evening, Hagrid, I hope you are well?"""
588;Необычное чего-то?;Look, I've jus' bin askin' Ronan, you seen anythin' odd in here lately?
589;— Так ты ничего странного не видел?;"There's a unicorn bin injured -- would yeh know anythin' about it?"""
590;— Все в порядке?;"""Well, if either of you do see anythin', let me know, won't yeh?"
591;— Слушай, я вот тут Ронана спрашиваю не видел ли он… э-э… чего странного в последнее время?;"""Are there many of them in here?"""
592;Ты… ну… может, слышал об этом чего?;"""D'you think that was a centaur we heard earlier?"""
593;— А их тут много?;"""Did that sound like hooves to you?"
594;— Так ты думаешь, что тот звук, который мы слышали, прежде чем встретить Ронана, что это тоже был кентавр?;"""You don't think they've been hurt, do you?"""
595;— Разве похоже было, что копыта по земле стучат?;What was going on?
596;— Ты думаешь, они попали в беду?;Where were the others?
597;А в голове его вертелись два вопроса: что произошло с Невиллом и почему так долго не возвращается Хагрид?;"""Are you all right?"""
598;А нам дело надо сделать, понимаешь?;"""Yes -- thank you -- what was that?"""
599;— С вами все в порядке?;Can you ride?
600;— А что это было?;"""What are you doing?"
601;Вы умеете ездить верхом?;Have you no shame?
602;— Что ты делаешь?;"Are you a common mule?"""
603;Тебе не стыдно?;"""Do you realize who this is?"""
604;Ты что, верховая лошадь?;"""What have you been telling him?"""
605;— Вы разве не поняли, кто это?;"Have we not read what is to come in the movements of the planets?"""
606;— Что ты ему рассказал?;What is that to do with us?
607;Разве движение планет не показало нам, что произойдет в ближайшее время?;"""Do you not see that unicorn?"""
608;— Лучше?!;"""Do you not understand why it was killed?"
609;Флоренц в приступе гнева поднялся на дыбы, и это произошло так внезапно, что Гарри пришлось вцепиться ему в плечи, чтобы удержаться на нем.  — Ты что, не видишь этого единорога?;Or have the planets not let you in on that secret?
610;— Ты что, не понимаешь, почему его убили?;"""Why's Bane so angry?"""
611;Или планеты не открыли тебе эту тайну?;"""What was that thing you saved me from, anyway?"""
612;— Почему Бэйн так разозлился?;"""Harry Potter, do you know what unicorn blood is used -for?"""
613;— И кстати… от кого вы меня спасли?;"""But who'd be that desperate?"""
614;— Гарри Поттер, вы знаете, зачем нужна кровь единорога?;"""If you're going to be cursed forever, deaths better, isn't it?"""
615;— Но кто же решился на такое?;"Mr. Potter, do you know what is hidden in the school at this very moment?"""
616;— Если тебе предстоит быть навеки проклятым, то уж лучше умереть, чем убивать единорога, правда?;"But I don't understand who --""  ""Can you think of nobody who has waited many years to return to power, who has clung to life, awaiting their chance?"""
617;— Но он делает это ради того, чтобы набраться сил и завладеть напитком, который полностью восстановит его силы и сделает его бессмертным… Мистер Поттер, вы знаете, что сейчас спрятано в школе?;"Harry, are you all right?"""
618;Но я не понимаю, кому…  — Разве вы не знаете того, кто много лет ждал, пока сможет вернуть себе силы, того, кто все эти годы цеплялся за жизнь, дожидаясь своего шанса?…  Гарри показалось, что его сердце стянул железный обруч.;Anyway, who says the centaurs are right?
619;Гарри, ты в порядке?;"""Where're you going?"""
620;Да и кто сказал, что кентавры правильно истолковали расположение звезд?;"""Why?"""
621;— Думаешь, я не хотел бы знать, что со мной происходит?!;"""Don't you think it's a bit odd,"" said Harry, scrambling up the grassy slope, ""that what Hagrid wants more than anything else is a dragon, and a stranger turns up who just happens to have an egg in his pocket?"
622;— Ты куда?;How many people wander around with dragon eggs if it's against wizard law?
623;— Зачем?;Lucky they found Hagrid, don't you think?
624;— Вы не думаете, что все это очень странно?;"Why didn't I see it before?"""
625;А как вы думаете, сколько людей с драконьими яйцами в карманах бродит по Англии?;"""What are you talking about?"""
626;И скольким улыбается удача, и они встречают своего Хагрида?;"""Finished yer exams?"
627;Почему же я раньше об этом не подумал?;"Got time fer a drink?"""
628;— Не пойму, о чем это ты?;You know that night you won Norbert?
629;— Ну как, сдали все?;"What did the stranger you were playing cards with look like?"""
630;Чайку хотите?;Mighta bin a dragon dealer, mightn' he?
631;Помнишь ту ночь, когда ты выиграл в карты Норберта?;"""What did you talk to him about, Hagrid?"
632;На кого был похож тот незнакомец?;"Did you mention Hogwarts at all?"""
633;— А о чем ты с ним разговаривал, Хагрид?;"So I told him, after Fluffy, a dragon would be easy...""  ""And did he -- did he seem interested in Fluffy?"""
634;Ты говорил, что работаешь в Хогвартсе?;"""Well -- yeah -- how many three-headed dogs d'yeh meet, even around Hogwarts?"
635;Не хотел он его лишь бы кому проигрывать… А я ему рассказал, что… того… после Пушка с драконом я запросто управлюсь…  — А он… он спрашивал что-нибудь про Пушка?;"Hey -- where're yeh goin'?"""
636;— Ну… да… А чего тут такого?;"Where's Dumbledore's office?"""
637;Думаешь, много по свету трехголовых псов бродит?;"""What are you three doing inside?"""
638;Эй, вы куда?;"""See Professor Dumbledore?"""
639;Кстати, а где кабинет Дамблдора?;"""Why?"""
640;— Что вы, трое, делаете в замке?;Harry swallowed -- now what?
641;— Увидеть профессора Дамблдора?;"""He's gone?"""
642;— А зачем?;"""Now?"""
643;— Он улетел?;"""How do you know --?"""
644;— в такое время?;"And Gryffindor really can't afford to lose any more points, can it?"""
645;Это означало, что она уже вне себя и лишь усилием воли держит себя в руках — Вы хотите сказать, что ваше дело куда более важное, чем то, по которому профессор Дамблдор вылетел в Министерство магии?;"""Why me?"""
646;— Откуда… откуда вы знаете?;"""Well, that's it then, isn't it?"""
647;А ваш факультет не может позволить себе еще сотню штрафных очков, не так ли?;"""After what McGonagall and Snape have said?"
648;— Но почему я?;"""Don't you understand?"
649;— Я полагаю, вы считаете, что вы куда более надежные сторожа, чем десяток заклинаний?!;Haven't you heard what it was like when he was trying to take over?
650;— Ну что ж, похоже, час пробил, не так ли?;Losing points doesn't matter anymore, can't you see?
651;— После того, что тебе сказали МакГонагалл и Снегг?;D'you think he'll leave you and your families alone if Gryffindor wins the house cup?
652;— И ЧТО?;"Voldemort killed my parents, remember?"""
653;— Неужели вы ничего не понимаете?;"""But will it cover all three of us?"""
654;Разве вы не слышали о тех временах, когда он пытался захватить власть?;"""All -- all three of us?"""
655;И что?;"""Oh, come off it, you don't think we'd let you go alone?"""
656;Волан-де-Морт оставит в покое вас и ваши семьи?;"""How do you think you'd get to the Stone without us?"
657;— Ты думаешь, мы трое под ней уместимся?;"""We'd better put the cloak on here, and make sure it covers all three of us -- if Filch spots one of our feet wandering along on its own --""  ""What are you doing?"""
658;— Что значит — мы трое?;"Why don't you go to bed, Neville?"""
659;— Ты что, думал, мы оставим тебя одного?;"""What've you done to him?"""
660;— Ты думаешь, тебе удастся без нашей помощи добраться до камня?;"""Who's there?"""
661;— Если Филч вдруг увидит, как по коридору бредет одна нога, он…  — Что вы задумали?;"Are you ghoulie or ghostie or wee student beastie?"""
662;Почему бы тебе не пойти спать, Невилл?;"""What's that at its feet?"""
663;Только глаза его двигались, с ужасом глядя на них  — Что ты с ним сделала?;"""Want to go first, Hermione?"""
664;— Кто здесь?;"""What can you see?"""
665;Ты дух или привидение?;"""You want to go first?"
666;А может быть, школьник?;"Are you sure?"""
667;— Что это валяется у него под ногами?;"Go straight to the owlery and send Hedwig to Dumbledore, right?"""
668;— Ну что, начали?;"""What's this stuff?"""
669;— Хочешь пойти первой, Гермиона?;"""Devil's Snare, Devil's Snare... what did Professor Sprout say?"
670;— Что ты там видишь?;"""HAVE YOU GONE MAD?"""
671;— Ты хочешь пойти первым?;"""ARE YOU A WITCH OR NOT?"""
672;Уверен?;"If they met a dragon, a fully-grown dragon -- Norbert had been bad enough...  ""Can you hear something?"""
673;— Беги к Хагриду, чтобы тот немедленно отправил к Дамблдору сову, понял?;"""Do you think it's a ghost?"""
674;— Это что за штука?;"""Do you think they'll attack us if we cross the room?"""
675;— Повезло?!;"""Now what?"""
676;— Что там говорила профессор Стебль?;They watched the birds soaring overhead, glittering -- glittering?
677;— Да, разумеется, но что мне поджечь?;"""Ready?"""
678;— ТЫ С УМА СОШЛА?;"""Now what do we do?"""
679;— ТЫ ВОЛШЕБНИЦА ИЛИ НЕТ?;"""It's obvious, isn't it?"""
680;«Но что мне поджечь?;"""How?"""
681;А что, если они встретят дракона, большого, взрослого дракона, хотя, признаться, и Норберта было бы достаточно…  — Слышите?;"""Do we -- er -- have to join you to get across?"""
682;— Думаешь, это привидение?;"""What about you?"""
683;— Думаешь, они нападут на нас, если мы попытаемся пройти через зал?;What if they lost?
684;— И что теперь?;"""But --""  ""Do you want to stop Snape or not?"""
685;Они подняли головы, разглядывая порхающих у них над головами птиц — ярких, блестящих… Блестящих?;"""Ready?"""
686;Готовы?;"""What if he's --?"""
687;— Готовы?;"""What do you reckon's next?"""
688;— И что нам теперь делать?;"""All right?"""
689;— И как же нам выиграть?;"""What do we have to do?"""
690;— Нам… э… нам надо присоединиться к вам, чтобы перебраться на ту сторону?;"""But so will we, won't we?"""
691;— А ты?;"""But how do we know which to drink?"""
692;В голове его вертелась только одна мысль: что будет, если они проиграют?;"""Which one will get you back through the purple flames?"""
693;— Ты хочешь остановить Снегга или нет?;"""But Harry -- what if You-Know-Who's with him?"""
694;Готовы?;"""Well -- I was lucky once, wasn't I?"""
695;— Как думаешь, что нас ждет впереди?;"""You are sure which is which, aren't you?"""
696;— Готова?;"""It's not poison?"""
697;Только вот что нам делать с этими сосудами?;"""But I thought -- Snape --""  ""Severus?"""
698;Ты хочешь здесь остаться на долгие века?;"""Yes, Severus does seem the type, doesn't he?"
699;— Разве не так?;"Next to him, who would suspect p-p-poor, st-stuttering P-Professor Quirrell?"""
700;— А как мы узнаем, из какой мы должны отпить?;"""Snape was trying to save me?"""
701;— А какая даст тебе возможность пройти через фиолетовый огонь?;"""\Why do you think he wanted to referee your next match?"
702;— А что, если с ним Ты-Знаешь-Кто?;"""You let the troll in?"""
703;— Я?;I have a special gift with trolls -- you must have seen what I did to the one in the chamber back there?
704;— Ты уверена, что правильно разгадала головоломку?;"I'm presenting it to my master... but where is it?"""
705;— Это не яд?;He was at Hogwarts with your father, didn't you know?
706;— Вы?;"""Sometimes,"" he said, ""I find it hard to follow my master's instructions -- he is a great wizard and I am weak --""  ""You mean he was there in the classroom with you?"""
707;— Я думал… что Снегг…  — Северус?;Harry was remembering his trip to Diagon Alley -how could he have been so stupid?
708;— Квиррелл расхохотался, и это было не его обычное дрожащее хихиканье, но ледяной, пронзительный смех — Да, Северус выглядит подозрительно, не правда ли?;"""I don't understand... is the Stone inside the mirror?"
709;— Снегг пытался меня спасти?;"Should I break it?"""
710;— А как ты думаешь, с чего это он решил судить следующий матч?;But how can I look without Quirrell realizing what I'm up to?
711;— Кто шатался по школе в Хэллоуин?;"""What does this mirror do?"
712;— Так это вы впустили тролля?;How does it work?
713;Видел, как я обошелся с тем, мимо которого ты прошел по пути сюда?;"""Well?"""
714;— Я собираюсь преподнести его моему повелителю… Но где же этот камень?;"""What do you see?"""
715;Он учился в Хогвартсе вместе с твоим отцом, разве ты этого не знал?;Dare he make a break for it?
716;— Просто иногда… иногда мне бывает нелегко выполнять приказы моего господина — ведь он великий волшебник, а я слаб и…  — Вы хотите сказать, что в той комнате он был вместе с вами?;"What did you just see?"""
717;Господи, как он мог быть так глуп?;What was going on?
718;— Может, этот камень находится внутри зеркала?;"""See what I have become?"""
719;Может быть, я должен его разбить?;"I have form only when I can share another's body... but there have always been those willing to let me into their hearts and minds.... Unicorn blood has strengthened me, these past weeks... you saw faithful Quirrell drinking it for me in the forest... and once I have the Elixir of Life, I will be able to create a body of my own.... Now... why don't you give me that Stone in your pocket?"""
720;Но как я могу заглянуть в зеркало, чтобы Квиррелл этого не заметил и не понял, чего я хочу?»  Гарри попробовал сдвинуться с места, но веревки крепко держали его — он пошатнулся и упал.;"""Then who does?"
721;— Что делает это зеркало?;"""How long have I been in here?"""
722;Что оно показывает?;"""You got there?"
723;— Ну и что?;"You got Hermione's owl?"""
724;— Что ты там видишь?;"""Destroyed?"""
725;Что ты там видел?;"""But your friend -- Nicolas Flamel --""  ""Oh, you know about Nicolas?"""
726;— Видишь, чем я стал?;"""You did do the thing properly, didn't you?"
727;— Всего лишь тенью, химерой… Я обретаю форму, только вселяясь в чужое тело… Всегда находятся те, кто готов впустить меня в свой мозг и свое сердце… Кровь единорога сделала меня сильнее… Ты видел, как мой верный Квиррелл пил ее в лесу… И как только я завладею эликсиром жизни, я смогу создать себе свое собственное тело… Итак, почему бы тебе не отдать мне камень, который ты прячешь в кармане?;"""But that means he and his wife will die, won't they?"""
728;— Но тогда у кого?;"""Sir?"""
729;— Я давно здесь?;Well, Voldemort's going to try other ways of coming back, isn't he?
730;— Вы были там?!;"I mean, he hasn't gone, has he?"""
731;— Вы получили сову, которую послала Гермиона?;"But why would he want to kill me in the first place?"""
732;— Уничтожен?;"""But why couldn't Quirrell touch me?"""
733;— Но ваш друг, Николас Фламель…  — О, так ты знаешь о Николасе?;"When he had found his voice again, Harry said, ""And the invisibility cloak - do you know who sent it to me?"""
734;— Ты все разузнал, не так ли?;"Is that true?"""
735;— Но это означает, что он и его жена умрут, не так ли?;"""What?"""
736;— Гарри поспешно кивнул, ему не терпелось услышать ответ. — Я хотел спросить: ведь теперь Волан-де-Морт будет искать другой способ вернуть себе силы, правда?;"""What?"""
737;Я имею в виду, ведь он не исчез навсегда?;"""Funny, the way people's minds work, isn't it?"
738;Но я не могу понять, зачем ему вообще понадобилось убивать меня?;"""And sir, there's one more thing...""  ""Just the one?"""
739;— А почему Квиррелл не мог прикоснуться ко мне?;"""How did I get the Stone out of the mirror?"""
740;— Вы знаете, кто мне ее прислал?.;"I was unfortunate enough in my youth to come across a vomitflavored one, and since then I'm afraid I've rather lost my liking for them -- but I think I'll be safe with a nice toffee, don't you?"""
741;Это правда?;"""What really happened?"""
742;— Что?;"""So the Stone's gone?"""
743;— Что?;"""Flamel's just going to die?"""
744;— Еще один вопрос…  — Всего один?;"""That's what I said, but Dumbledore thinks that -- what was it?"
745;— Как мне удалось достать камень из зеркала?;"""So what happened to you two?"""
746;Но вот эта конфетка кажется мне вполне безобидной, как ты считаешь?;"""I brought Ron round -- that took a while -- and we were dashing up to the owlery to contact Dumbledore when we met him in the entrance hall -- he already knew -- he just said, 'Harry's gone after him, hasn't he?'"
747;— Вкус ушной серы, не самый приятный на свете, ты не находишь?;"""D'you think he meant you to do it?"""
748;— А что там произошло на самом деле?;"""Sending you your father's cloak and everything?"""
749;— Значит, камня больше нет?;"I can, can't I?"""
750;— спросил Рон, когда Гарри замолк — Значит, Фламель умрет?;"""Who is it?"""
751;— А с вами что было после того, как мы расстались?;"""It's not a stoat sandwich, is it?"""
752;Он уже все знал, представляешь?;"""Sent owls off ter all yer parents' old school friends, askin' fer photos... knew yeh didn' have any... d'yeh like it?"""
753;Он просто спросил: — Гарри пошел за ним, да?;"""Busy year?"""
754;— Ты думаешь, он специально так все подстроил?;"""Ready, are you?"""
755;Может, он хотел, чтобы именно ты это сделал?;
756;— Я могу пойти, правда?;
757;— Кто это?;
758;— Надеюсь, это не бутерброд с мясом горностая?;
759;— Чтоб фотографий прислали, потому как нет у тебя ни одной… Ну что, нравится тебе?;
760;Миссис Уизли улыбнулась им.  — Нелегкий выдался год?;
761;— Ну, ты готов?;
